movie_id,vote_average,vote_count
the-musicians-daughter,0,0
australien-skies,5,2
wretch,3.3,3
nieuw,0,0
the-last-will-and-testament-of-rosalind-leigh,5.3,85
tenacious-d-the-complete-masterworks-2,5.6,7
the-otherworld-2016,0,0
nasty-old-people,6.1,13
blue-bustamante,8,1
attenboroughs-life-that-glows,8.2,13
fun-home-2020,0,0
emily-heller-ice-thickeners,6,2
glass-the-perfect-american,0,0
young-buckethead-vol-1,9,1
who-killed-aliyah,0,0
trinity-sunday,6,3
chi-town,6.3,3
torrente-4-lethal-crisis,5.5,127
the-dead-center,5.6,43
panto-2014,0,0
won-ton-baby,4.2,3
the-maid-2014,3.5,14
my-husbands-secret-wife,5.7,6
parers-war,0,0
off-the-grid-2006,0,0
mental-madhilo,6.5,8
children-of-the-corn-runaway,5.2,28
crude-oil-2019,4.8,5
parliament-funkadelic-one-nation-under-a-groove,0,0
the-manual,5.7,15
grim-reaper,3,7
who-flung-poo,1,1
the-star-of-bethlehem-1912,6,1
green-street-hooligans,7.2,1794
wolf-2019,5.8,9
my-blind-brother,5.9,78
suckerpunch,3.8,4
marlon-wayans-woke-ish,6.3,41
bad-boys-ii,6.6,4225
fort-tilden,5.2,30
the-photograph-2020,6.6,154
tape-crackers-an-oral-history-of-jungle-pirate-radio,0,0
coffee-samurai,0,0
bonobo-the-north-borders-tour-live,0,0
helix,5.6,17
ashura,4.8,11
mad-sad-bad-2014,9,2
elements-of-nothing,10,1
the-den,6,248
born-with-it,0,0
what-if-wendy,0,0
bonnie-clyde-justified,6.7,28
yakuza-weapon,4.7,9
the-baron-against-the-demons,6.5,2
how-weed-won-the-west,7.3,6
momo-the-sam-giancaca-story,6,2
baseball-girl,6.9,8
grand-zero,7.3,3
in-another-country,6.4,78
clinton-road,3.2,6
vh1s-heavy-the-story-of-metal-part-one-welcome-to-my-nightmare,8.8,6
from-seoul-to-varanasi,5,3
the-back-up-plan,6.1,1170
suffering-of-ninko,5.4,6
when-i-walk,6.6,5
home-videos-2019,5.5,2
turks-caicos,6.2,96
her-composition,6.6,5
the-nightman-cometh,0,0
zato-ichi-blind-swordsman-tribute,0,0
sunnyside,6.5,63
that-kinda-night,0,0
outpost-rise-of-the-spetsnaz,5.2,38
elijahs-ashes,5,2
willie-nelson-friends-outlaws-and-angels,0,0
the-choice-2016-2016,5.6,5
wvlnt,6.3,3
sync,7.5,2
french-exit-2020,5.9,55
empty-spaces,5,1
memories-of-a-teenager,7.8,38
particles-of-truth,5.5,3
auld-lang-syne,0,0
ashes-and-snow,7.4,48
a-ballerinas-tale,6.3,26
of-sheep-and-men,5.3,4
i-love-you-daddy,5.7,60
genesis-nirvana,0,0
tarnation,7,55
city-of-joy-2016,7.3,16
be-reasonable,7.8,3
sure-did-talk-to-you-a-conversation-with-walter-coblenz-jared-hellman-and-michael-laughlin,0,0
the-disciple,3.7,3
circle-of-pain,4,17
national-lampoon-presents-electric-apricot-quest-for-festeroo,6,6
wet-woman-in-the-wind,5.8,32
the-power-of-glove,6.2,5
this-changes-everything,6.3,8
mothers-milk,7,2
my-daughter-was-stolen,7.8,6
fat-sick-nearly-dead,6.8,97
garfunkel-and-oates-trying-to-be-special,7.5,23
triple-9,5.9,1706
sybil-2007,6.7,44
the-new-tenants,6.3,18
mudjackin,0,0
home-sweet-home-2011,0,0
even-the-rain,6.9,206
blood-diamond,7.5,5905
exit-to-hell,2.8,8
hobo-with-a-shotgun,5.9,421
common-chord,8,1
out-of-liberty,3.7,3
hotel-inferno-2-the-cathedral-of-pain,6.3,8
fatal-2012,5.5,4
easter-casket,3.5,2
survive-the-hollow-shoals,5.2,6
the-work,7.8,22
frogtown,0,0
tipped,0,0
mystery-road,6.3,116
crazy-sexy-cool-the-tlc-story,7.9,21
ghosts-of-ole-miss,7,7
freelancer-2017,0,0
candy-2011,7.3,3
bloodsuckers-planet,0,0
evil-angel,5,37
the-transfiguration,6.1,100
we-can-be-heroes-finding-the-australian-of-the-year,7.5,13
sugar-mountain,5.5,84
maharshi-2019,6.9,17
blondies-new-york-and-the-making-of-parallel-lines,5.4,7
david-attenboroughs-ant-mountain,8.5,2
one-eyed-monster,4.5,45
metal-a-headbangers-journey,7.6,114
michael-lost-and-found,6.1,15
man-and-boy-2010,6.5,2
were-no-animals,4.7,13
motorhead-the-guts-and-the-glory-the-motorhead-story,0,0
drone-2015,6.8,5
heights,6.6,25
first-match,6.5,123
eleven-2018,0,0
the-time-of-their-lives-2017,5.1,27
angelica-2016,4.7,3
david-lynch-cooks-quinoa,7.8,15
crips-and-bloods-made-in-america,6.6,29
the-source-one-day-in-a-roma-settlement-in-romania,0,0
cast-party,5.9,4
the-truth-about-killer-robots,5,10
striking-range,5,3
friend-the-great-legacy,6.6,21
captivity,4.9,317
day-is-done-2006,0,0
nights-in-rodanthe,6.2,483
mountaintop,0,0
hollow,3,2
the-marx-brothers-hollywoods-kings-of-chaos,10,1
loves-her-gun,5.6,8
the-awakening-of-the-ants,6.1,15
fell-2014,10,1
lowlife,6,5
gintama,6.7,62
by-the-balls,5.5,2
chips,7.3,5
mouth-to-mouth,5.7,49
in-fear,5.6,163
never-ending-story,5.9,9
trouble-the-water,7,21
freeway-killer,5.5,14
halloween-mind-massacre,0,0
ella-brennan-commanding-the-table,7.5,4
the-man-standing-next,6.8,61
i-know-who-killed-me,4.5,281
cosmic-whistleblowers,6,3
passage-2008,8.8,4
brain-on-fire,7.1,1119
eternal-code,4.8,8
crying-with-laughter,7,1
national-theatre-live-treasure-island,7,3
mrs-b-a-north-korean-woman,5.9,7
battle-of-surabaya,8.5,8
the-last-exorcism,5.6,774
napoleon-dynamite,6.8,1349
basketball-county-in-the-water,7,1
dark-water-2005,5.5,741
clandestine-childhood,7,43
the-dreamer-2016-1,0,0
hashtag,0,0
cover-the-mirrors,1,1
9-11-firehouse,6,1
botschaften,0,0
the-spanish-chainsaw-massacre,0,0
i-am-mother,6.7,1909
the-inherited-2015,3.8,6
my-mate-manchester-united,0,0
sultry-assassin-the-aphrodisiac-kill,6,2
monday-2017,0,0
oh-my-zombie-mermaid,5.5,2
the-scientist-2020,6.5,90
memento-mori-2005,0,0
1d-day,0,0
mister-karl,0,0
barbie-presents-thumbelina,6.5,356
bring-me-the-head-of-the-machine-gun-woman,5.4,27
hot-chocolate-2004,0,0
color-me-you,5.3,4
butterfly-on-a-wheel,6.4,382
a-common-crime,4,1
nostalgia-for-the-light,7.5,106
sylvio,6.1,9
nkotbsb-live-at-the-o2-arena,6,1
the-voice-of-water,6,3
eternity-never-surrendered,0,0
cutie-and-the-boxer,7.1,59
maracaibo-2017,8.8,4
blackbird,6.6,37
stoneland,0,0
vettai,6.7,15
hitman,6.1,2531
for-jennifer,6,1
this-magic-moment,6.3,15
bungo-stray-dogs-dead-apple,8.2,82
back-to-christmas-2014,5.1,32
old-thieves-the-legend-of-artegio,7.4,6
the-warning-2018,6,299
the-backward-class,0,0
waste-land-2014,5.4,6
the-world-according-to-sesame-street,8,4
coldplay-unstaged-live-from-madrid,0,0
tunnelrat,5,2
the-emperors-new-clothes-2015,6.3,24
der-letzte-mann-das-making-of,8,2
every-song-is-about-me,6.2,14
the-classic,7.5,112
this-is-not-a-time-for-dreaming,0,0
money-power-respect-hip-hop-billion-dollar-industry,0,0
9-11-intercepted,8,1
two-letters-for-ana,4.7,3
three-dollars,7.2,3
the-unraveling,5.1,7
el-cuento-de-antonia,0,0
the-videoblogs,6,1
the-advocate-a-missing-body,7.3,28
the-field-guide-to-evil,5.9,77
tuolumne,0,0
ghoul-2015,4.6,46
woman-of-the-ruins,10,1
vicious-2016,0,0
high-and-dizzy,6.8,24
thicker-than-water-2015-1,5,2
untraceable,6.2,641
hadley-tk-421,0,0
hallo-panda-2006,0,0
hot-winter-a-film-by-dick-pierre,7,1
the-hedge-theater,6.9,9
three-and-out,6,24
the-last-descent,7.3,74
citadel,5.3,111
parasomnia,4.8,49
the-great-cinema-party,5.5,2
this-is-paris,6.3,32
mars-of-destruction,2.2,14
stealing-sinatra,5.2,11
mike-epps-presents-live-from-the-club-nokia,4.2,3
the-reckoning,6.4,77
loverboy-2003,7.2,5
frankenstein-2007,3.8,6
the-lodge-2019,6.1,760
while-i-breathe-i-hope,0,0
never-leave-alive,4.9,11
birdland-2019,7,1
the-great-battle-2018,7.3,83
blackfeet-boxing-not-invisible,1,1
concussion,5.4,79
femme-2018,0,0
badland-2019,6.5,72
zombie-killers-elephants-graveyard,3.8,13
fast-romance,4,2
the-citizen,6.7,23
excavating-the-2000-year-old-man,0,0
concrete-clouds,5.7,3
stuck-2007,6.1,119
dust-2017,0,0
hottieboombalottie,3.8,4
touching-the-void-return-to-siula-grande,9,2
woman-on-fire,0,0
the-rapture-of-fe,7,2
gmor-evian,6,1
i-me-wed,5.3,7
the-do-over,5.7,1193
washed,0,0
visions-of-frank,6,1
trailer-town,6,2
lucys-tale,6.4,11
mcbride-the-chameleon-murder,7,1
ed-sheeran-jumpers-for-goalposts,7.4,19
end-of-the-road-how-money-became-worthless,9,5
west-of-memphis,7.4,102
the-illustrated-mum,7.5,2
there-is-a-new-world-somewhere,3.3,2
no-escape-2008,5,4
titanic-how-it-really-sank,6.8,2
chunky-monkey,2,1
dark-circles,4.8,69
9-ball,2,1
haunting-of-cellblock-11,4.2,24
anohana-the-flower-we-saw-that-day,7.1,12
the-last-patrol-2014,5,4
the-legend-of-sarila,4.8,16
black-christmas-2019,4.7,362
the-reality-of-truth,5.5,2
night-2019,7,2
surviving-home,0,0
out-in-the-open-2019,6.6,62
my-left-hand-man,6.4,16
if-cats-disappeared-from-the-world,7,41
tokyo-family,7.4,40
a-common-man,6.1,57
golan-a-farewell-to-mr-cinema,10,1
einsteins-big-idea,6.9,9
tom-jones-live-at-cardiff-castle,4,2
heal-2017,6.9,39
the-twenty-one-lives-of-billy-the-kid,6,4
falling-camellia,7.5,3
hell-hath-no-fury,2,1
thats-not-me,6.5,13
ghost-game,3.8,5
beah-a-black-woman-speaks,0,0
north-by-northwest-one-for-the-ages,6.5,2
brief-story-from-the-green-planet,5.3,4
suburban-madness,0,0
stockholm-my-love,6.2,14
how-to-be-deadly,0,0
at-the-door-2018,6.7,3
loyal-citizens-of-pyongyang-in-seoul,0,0
erebus-operation-overdue,7,1
the-scent,6.6,14
blood-and-bone-china,0,0
dolapo-is-fine,10,2
guilt,6.8,2
buding-ang-babayi-nga-naglutaw,6,1
the-network,5,3
the-right-kind-of-wrong,5.9,167
the-rise-of-isis,7,1
trying-it-at-home,0,0
a-cinderella-story-once-upon-a-song,6.4,898
warming-by-the-devils-fire,6.9,4
stumped-2018,0,0
the-perfect-46,6,8
the-nut-job-2-nutty-by-nature,5.9,307
ayudame-a-pasar-la-noche,5.4,5
table-for-three,4.8,55
what-shall-we-do-with-our-old,5.7,7
the-last-days-of-peter-bergmann,8,1
following-the-way,0,0
tortoise-in-love,6.1,4
the-book-of-ruth-journey-of-faith,7,1
the-siamese-bond,0,0
mansion-of-blood,4,2
the-art-of-mccartney,0,0
armed-response-2017,5.3,120
barbaric-land,5,5
vennila-kabadi-kuzhu,7.7,8
christmas-in-evergreen-letters-to-santa,7.1,33
bliss-2016,9,1
the-murder-in-angel-lane,6.7,13
butcher-the-bakers,4.7,5
the-inbetweeners-2,6.2,382
fairy-dust,7.8,7
stories-of-lost-souls,6.5,7
harry-meghan-a-royal-romance,6.9,164
the-vanishing-of-sidney-hall,6.7,184
boy-2010,7.4,262
tenacious-d-in-the-pick-of-destiny,6.7,1197
undercover-kids,3.3,3
an-extraordinary-gentleman,0,0
entrenamiento-elemental-para-actores,5,3
a-father-a-son-once-upon-a-time-in-hollywood,6.3,3
tapeworm,7,1
magical-girl,7.5,141
the-luring,4,3
narnias-lost-poet-the-secret-lives-and-loves-of-cs-lewis,5,1
the-cleaning-lady-2018,5.6,73
young-hunter,6.7,19
christmas-with-the-darlings,7.4,11
another-gay-movie,6,130
colombia-in-my-arms,6.7,3
freaks-in-love,0,0
such-good-people,6.1,11
burn-country,5.3,23
marimbas-from-hell,5.9,9
monster-squad-forever,6.7,3
lupin-the-third-jigens-gravestone,7.4,70
the-water-diviner,6.8,987
falls-around-her,7,2
harrys-bar,4,1
ice-castles-2010,6.6,60
his-regeneration,4.1,14
stepmom-and-daughter-blues-2020-new-years-special,0,0
mega-man,5.1,7
fly-with-the-crane,5.8,5
bitcoinboy,0,0
most-likely-to-murder-2019,5.6,15
comedy-central-roast-of-rob-lowe,6.8,25
njpw-back-to-the-yokohama-arena,0,0
twinkle-toes-lights-up-new-york,2,1
papi-chulo,5.9,20
anita,6.9,25
cutie-honey,6.5,45
black-stone-cherry-thank-you-livin-live,8,1
a-beginners-guide-to-snuff,4.7,15
breaking-wind,3.4,159
the-bitter-buddha,7.6,7
the-ambassador,6.8,42
electric-man,7,1
cinema-futures,6.3,4
wish-i-was-here,6.6,591
the-dark-side-of-disney,9.5,4
edge-the-second-mountain,5.5,2
i-am-jesus,5,4
the-dark-tapes,5.4,86
the-dream-of-lu,4.7,11
my-kid-and-me,0,0
ooo-den-o-all-riders-lets-go-kamen-riders,5.1,4
the-skeleton-key,6.6,1570
bare-2020,10,1
the-bad-man-2018,5,5
tanana,0,0
father-there-is-only-one,7.1,238
100-year-anniversary-concert-birgit-nilsson,0,0
blow-me,0,0
tehilim,6,6
surf-grifters,5,1
hell-ephone,0,0
a-dream,5.3,4
the-red-pill,7.5,140
tokyo-onlypic,6.5,2
november-1st,7,2
the-great-white-trail,0,0
chasing-valentine,6.4,4
the-young-cannibals,7.2,21
thor-ragnarok,7.6,16704
drawing-restraint-9,6.7,19
casting-couch,3.7,15
meet-the-trumps-from-immigrant-to-president,6.3,8
tanner-hall,5.9,90
occupants,6.2,15
contestant-4,0,0
anori,0,0
the-dude,6,1
coral-reef-adventure,6.6,8
m-2018,6.5,4
100-american,4,1
the-new-romantic,6.4,92
augustus-the-first-emperor,5.8,10
we-still-live-here-as-nutayunean,10,1
chris-isaak-greatest-hits-live-concert,0,0
the-purging-hour,3.4,9
chronicle-of-my-mother,6.4,11
mumblecore,5.3,3
come-on-irene,5.7,3
the-life-times-of-paul-the-psychic-octopus,0,0
maria-and-everybody-else,5.7,17
the-death-of-salvador-dali,6.6,4
boogeyman-2012,5.8,23
grape-soda,6.8,4
the-a-word,10,1
celluloid-man,6.8,6
the-christmas-chronicles-part-two,6.6,656
the-warriors-the-way-home,6,1
the-ranchmans-vengeance,5,3
eva-2011,6.4,312
my-little-pony-the-princess-promenade,5.6,11
bruce-springsteen-the-ties-that-bind,7,4
my-little-pony-equestria-girls-rollercoaster-of-friendship,8.1,55
the-cut,6.4,10
nothing-personal,6.7,51
unslut-a-documentary-film,10,1
xploring-xtro,0,0
mystery-woman-snapshot,6.5,9
curious-george-a-very-monkey-christmas-2009,6.8,60
twohundredfiftysixcolors,0,0
widows,5.2,15
female-2013,0,0
the-swamp-2020,6.7,35
cool-apocalypse,10,1
further-beyond,5.7,3
endless-dreams-and-water-between,0,0
ubume,5.8,3
marvel-zombies-vs-army-of-darkness-2013,0,0
daniel-2015,7,1
this-will-destroy-you,0,0
the-ravaged-house-zorokus-disease,0,0
tracing-amy-the-chasing-amy-doc,8,3
farvelagte-frustrationer,7,2
cairo-time,6.2,49
the-dish-2007,0,0
gunter-lamoot-7-years-of-pure-genius,0,0
the-perfect-storm-story-of-the-1994-montreal-expos,0,0
sunset-stories,10,1
the-hunt-for-the-i-5-killer,6.1,18
austral-fever,6.3,3
breathe-in,6,254
the-kill-team,7,21
bad-building,3.1,8
truinside-election,0,0
holding-trevor,5.1,29
the-many-sad-fates-of-mr-toledano,6.5,6
the-great-mint-swindle,0,0
my-penis-and-i,6.5,2
national-theatre-live-julie,7.5,2
the-swordsman-2020,7.8,127
children-of-the-grave-2,0,0
this-is-what-love-in-action-looks-like,5.8,4
terence-mckenna-the-last-word,0,0
mixed-doubles-2017,6.7,21
bnsf,5.1,8
the-circle-2017-1,6.2,6
grey-gardens-2009,7.1,113
bridal-boot-camp,6.6,14
are-we-dead-yet,6.6,5
my-scary-girl,6.2,14
darkness-visible,6,6
angst-flesh,0,0
todays-special,6.3,75
enemies-of-happiness,6,5
bunny-chow,0,0
21-jump-street,6.9,8525
fatal-assistance,6.3,4
white-lion,6.3,14
the-lobster-circle,8,1
homecoming-a-film-by-beyonce,8.2,278
never-saw-it-coming,0,0
the-cult-next-door,0,0
mystify-michael-hutchence,7.1,27
heart-blackened,7.4,29
the-young-messiah,6.3,93
moonlight-of-the-shadow,0,0
when-la-rumorosa-quiets,0,0
a-demon-within,5.4,24
hi-neighbor-2011,0,0
chef-vs-science-the-ultimate-kitchen-challenge,0,0
you-belong-to-me-2007,5.8,5
the-light-in-the-piazza-live-from-lincoln-center,10,3
boo-a-madea-halloween,5.7,360
flying-monsters-3d,6.8,17
the-peanut-butter-falcon,7.4,883
7-days-in-hell,6.6,273
tales-of-found-footage,3,1
palo-santo,6,2
august-22-this-year,5,1
the-madness-of-the-dance,6,1
darling-2015,6.3,9
tartarus-2005,3.5,2
christian-finnegan-the-fun-part,7,5
the-companion-2015,5.2,6
the-curious-case-of-benjamin-button,7.6,10155
murder-in-the-hamptons,5,6
youre-nobody-til-somebody-kills-you,4.6,5
glastonbury,5.9,10
andy-parsons-britains-got-idiots,6,1
the-tiniest-place,8.2,6
grow-up-tony-phillips,6,1
hey-boo-harper-lee-to-kill-a-mockingbird,7.3,6
the-fall-of-babylon,6,2
ghost-light-2018,6.7,9
breathing-room,4.3,59
dare-to-stop-us,7,7
an-easter-bunny-puppy,3.7,3
funuke-show-some-love-you-losers,6.8,13
blur-new-world-towers,7,5
mr-fix-it,4.9,24
the-triumph-of-right,0,0
filmage-the-story-of-descendents-all,7.6,13
i-pay-for-your-story,6,4
the-mess,0,0
the-chrysanthemum-and-the-guillotine,5.8,7
beaches-2017,6.4,17
battle-in-seattle,6.3,175
steve-hofstetter-ginger-kid,6,1
meet-the-blacks,4.8,224
bosnian-dream,5.5,2
only-the-brave-2017,7.3,1123
the-first-time-2012,7,1870
obsessed-2014,7,36
edging,0,0
coriolanus,5.9,323
the-evening-hour,6,1
the-trump-prophecy,4,7
submission-2019,6.8,18
the-exhibitionists,3,3
conspiracy-encounters,2.7,3
dangerous-days-making-blade-runner,7.8,52
what-still-remains,5.2,32
cottonmouth-2015,0,0
harlequin-2013,4.7,3
zoe-2016,0,0
hal-2018,6.3,4
miss-hokusai,6.9,91
my-baby-is-missing,5.7,8
el-hombre-perfecto,5,3
superman-batman-public-enemies,7,452
everymans-war,5.3,17
thankskilling,4,65
we-die-young,6.9,207
bears-spy-in-the-woods,10,1
gerontophobia,4,1
birders-the-central-park-effect,8,7
no-ordinary-hero-the-superdeafy-movie,5.5,2
david-bowie-under-review-1976-79,7.5,2
fast-film,6.6,27
california-scheming,3.5,13
unlocking-sherlock,7.9,43
the-belfry,0,0
book-of-lore,0,0
metal-man,2.3,14
everybodys-fine-2009,6.7,739
confine,5.2,6
bratz-good-vibes,7.5,4
anthony-clark-ambiguous,0,0
strange-culture,5.1,7
40-years-of-star-trek,10,1
burning-kiss,5,5
el-tamano-si-importa,5.8,43
x-rated-ambition-the-traci-lords-story,4.9,9
exodus-2008-1,0,0
the-final-exit-of-the-disciples-of-ascensia,9.2,5
the-last-day-of-summer,5.4,13
the-rhythm-of-my-life-ismael-sankara,1,1
the-summer-of-flying-fish,4.8,6
the-many-faces-of-ito-the-movie,6,5
battle-of-los-angeles,3.6,90
the-killers-live-from-the-royal-albert-hall,7.3,6
holiday-road-trip,5.4,12
boys-village,6.6,7
dark-fields,3.6,9
the-17th-annual-animation-show-of-shows,7,1
nine,5.6,458
the-tempest-2010,8.3,3
cannibal-corpse-eats-moscow-alive,0,0
obam-nude,1,1
the-watcher-in-the-woods-2017,4.5,25
the-black-forest,6,2
the-dealer-plate,0,0
trolls,6.7,2893
fugue,6,1
expiration-2012,5.1,11
sun-and-shadow,0,0
vanished-2011,5.2,6
the-mayo-clinic-faith-hope-and-science,8.3,4
the-ugly-doll,0,0
category-7-the-end-of-the-world,6.1,45
youth-disillusions-and-yearnings-of-hernan-cortes-delgado,5.4,5
tits,5.7,3
them-that-work,0,0
her-last-will,7.3,6
banshee-2014,6,1
the-definites,0,0
a-dream-of-flying,8.3,3
maktub,7.4,34
meaghamann,7.2,8
dreams-2008,0,0
chvrches-live-at-lollapalooza,0,0
the-magnificent-eleven,3.3,4
white-collar-hooligan-3,5,12
muscle-2016,6,1
wood-job,7.3,39
dragon-eyes,5,108
straight-outta-compton,7.8,2978
extraordinary-people-the-boy-with-the-incredible-brain,6,2
cubs,0,0
national-theatre-live-les-liaisons-dangereuses,10,2
hikiko-san-vs-kokkuri-san,0,0
my-spy-2020,7,845
the-lords-of-salem,5.4,648
xxx-return-of-xander-cage,5.8,4946
the-big-four-live-in-sofia,8.6,57
murder-in-soho-who-killed-freddie-mills,0,0
bring-it-on-in-it-to-win-it,6.5,416
the-money-complex,0,0
mark-of-the-beast-the-legacy-of-the-universal-werewolf,0,0
the-departure-2017,6.3,8
sugarcubes-live-zabor,0,0
cold-heart-canyon,4.3,4
the-booksellers,6.9,19
off-the-menu,6,27
thor-tales-of-asgard,6.4,123
no-greater-love,7.2,6
stitch-the-movie,6.5,531
watch-over-us,4,2
odd-squad-the-movie,5.1,9
the-mechanik,5.4,43
the-mole-man-of-belmont-avenue,4.7,7
nazihas-spring,0,0
zucchini-cake,0,0
no-panic-with-a-hint-of-hysteria,9,1
the-phantom-of-the-opera-2004,7.3,1257
the-mayor-2017,6.6,25
the-locals,5.9,34
harry-hill-in-hooves,9,2
eating-women,7.5,4
birthright-2010,7.5,4
teenage-bank-heist,5.8,18
freeze-frame,6.5,39
victoria-2020,0,0
36-steps,5.6,10
mourning-wood,0,0
white-night-2009,8,1
meatball-machine-kodoku,6.3,16
we-the-marines,5.8,16
imprisoned-2019,5.1,4
dark-web,4.5,13
the-woman-suffers,7,2
bumping-into-broadway,7,23
the-package-2018,6,908
the-shallows,6.4,4238
unmatched,5.1,5
himalaya-where-the-wind-dwells,7.4,7
vanished-1,2,1
flashback-legion,0,0
the-fields,4.2,20
wolverine-and-the-x-men-fate-of-the-future,6.6,5
booksmart,7.1,1890
willow-creek,4.9,220
no-mas,7.1,8
mansion-of-the-doomed-the-making-of-scared-stiff,0,0
ghost-stories-2013,0,0
the-astronaut-farmer,6.3,251
truth-2015-1,4.1,8
grandmothers-gold,5,4
a-fine-line,0,0
palimpsest-2013,5.5,2
a-christmas-tree-grows-in-colorado,5.7,7
everything-about-her,8.1,8
flight-93,6.7,136
whisky,6.8,55
nelly-furtado-loose-the-concert,7,1
dream-street,6.3,3
the-a-list,5.6,10
griff-the-invisible,5.7,62
and-i-will-rise-if-only-to-hold-you-down,5,1
blue-hour,7.2,5
vaulted-films-from-the-yellow-ape-vault,0,0
bad-sister-2016,6.7,152
giovannis-island,7.5,70
going-to-america,6.5,2
buying-sex,6.8,5
pannaiyarum-padminiyum,7.3,12
the-trail-to-hope-rose,5,3
the-new-twenty,5.5,15
ghosts-of-darkness,5.8,21
the-guardian-2017,8,1
comrade,6,2
atm,5,435
white-darkness-2017,0,0
fallet,2.5,2
the-toll-gate,5.2,6
night-at-the-museum-battle-of-the-smithsonian,6.1,5601
pale-cocoon,6.5,42
mandela-long-walk-to-freedom,6.9,431
nagasaki-memories-of-my-son,6.6,9
the-people-of-the-kattawapiskak-river,0,0
cooped-up,7.3,3
the-corporation,7.8,197
the-casserole-club,5.5,2
moist-fury,6,1
nick-cave-the-bad-seeds-bbc-four-sessions,8,1
the-rabbit-hunters,0,0
naomi-and-elys-no-kiss-list,5.9,999
house-of-the-rising-sun,4.6,40
ganz-how-i-lost-my-beetle,8,1
22-weeks,5.5,2
thanxgiving,2,1
mark-trade,0,0
everyday-people,6.8,10
moving-so-slowly,0,0
hippocampus-m-21th,7.3,2
edwin-parker,0,0
the-flowers-of-evil,6.7,17
the-black-candle-2008,5.8,2
antisocial-2,5.5,26
family-in-transition,8,1
an-audience-of-chairs,6.1,8
the-outsider-the-cinema-of-antonio-margheriti,6,1
a-fire-in-my-brain-that-separates-us,0,0
chris-fleming-showpig,0,0
negra,0,0
the-kingdom-2007,6.7,1221
when-magic-goes-horribly-wrong,0,0
within-temptation-live-at-rock-am-ring,0,0
una-preciosa-puesta-de-sol,0,0
body-of-sin,4.5,6
eurotrip,6.5,1874
a-farewell-to-hemingway,7.3,2
female-ejaculation-other-mysteries-of-the-universe,0,0
wrinkles-the-clown,5.9,36
frat-pack,4.8,16
the-man-nobody-knew-in-search-of-my-father-cia-spymaster-william-colby,6.4,11
broken-contract,7.7,3
fear-of-fanny,7.3,6
for-no-eyes-only,3,2
toe-to-toe,3.2,8
chronicle-of-a-blood-merchant,7.2,22
104-wrinkles,6,2
this-is-the-paradigm-of-the-worst-possible-film,0,0
atari-game-over,6.6,175
carnal-cravings,7,2
steel-rain-2-summit,7.6,37
trapped-2012,5.8,2
tokyo-ghoul-s,6.9,50
crossing-arizona,8,1
nightmare-detective,5.8,47
the-chunta,0,0
straight-curve-redefining-body-image,7,1
the-magic-gloves,6.6,10
the-maze,4.6,18
next-year-in-jerusalem,5.5,2
marcel-ophuls-et-jean-luc-godard-la-rencontre-de-st-gervais,0,0
angel-2005-1,6.9,7
he-did-and-he-didnt,6.2,7
frontman,3,1
fireball-visitors-from-darker-worlds,6.4,40
magic-magic,5.2,155
tiznao,7.3,3
nightmare-at-the-end-of-the-hall,5.6,11
o-rabequeiro-maneta-e-a-furia-da-natureza,0,0
mother-2020-2,1,1
29-and-holding,0,0
the-coven,2.5,4
5-seconds-of-summer-how-did-we-end-up-here,8.2,13
trigger-man,4.3,14
west-of-the-jordan-river,5.6,5
happy-ever-afters,5.6,14
burning-cane,5.8,9
welcome-home-2015,6,7
the-hate-u-give,8.3,1648
we-dont-need-a-map,6.7,3
loving-a-vegetable,0,0
hesperia,0,0
bordering-on-bad-behavior,5.9,9
hall-2020,4.3,4
tierra-de-pasiones-2006,5.5,2
murder-take-one,6.4,25
things-to-do,6,4
goodbye-solo,6.8,55
married-and-counting,7.3,4
open-house,4.9,31
hayride,4.2,20
the-strong-ones,8.3,35
the-rohl-farms-haunting-2013,3,3
dark-legacy,5.2,5
wishbaby,6,1
mcenroe-borg-fire-ice,6.3,5
1959-the-year-that-changed-jazz,0,0
gasolina,6.4,7
miyoris-forest,7.1,22
drift-2,5,1
the-lost-arcade,7.4,7
fronteras-2018,7,2
bratz-rock-n-princess,0,0
north-v-south,5.8,6
framing-agnes,0,0
the-pearl-2016,5,4
the-visit-an-alien-encounter,6,19
complicated-women,6.7,9
tabernacle-101,2.2,5
a-conspiracy-of-lies-flight-370-to-911,0,0
the-bottom-of-the-sea,6.8,11
this-is-not-a-movie-2019,6,1
heebie-jeebies,4.6,10
claire-in-motion,4.9,17
on-hold,7,2
obituary-frozen-alive,0,0
machined-reborn,3.1,9
bubble-guppies-sunny-days,0,0
zen,6.6,20
my-name-is-pedro,10,1
apollo-18,5.3,755
116-cameras,6,2
merry-madagascar,6.4,198
tempestade,0,0
57-lawson,0,0
wrapped-up-in-christmas,6.6,21
the-goldberg-variations,4.3,2
the-house-with-a-clock-in-its-walls,6.3,1690
barbie-the-pearl-princess,7,235
feast-of-the-epiphany,4,1
the-rainbow-bridge-motel,4.3,4
dark-desire,4.6,8
the-parting-glass-2018,5.7,10
awaiting-2014,7.7,3
crossroads-2018,7.7,3
bunch-of-kunst,6.9,7
film-noir,5.9,25
astronaut-the-last-push,5.4,49
war-book,5.3,13
guilty-by-association,2.9,18
faith-under-fire-2020,5.5,2
carpool-karaoke-primetime-special-2017,8.5,2
100-million-bc,3.2,57
the-deluge-1911,0,0
misogynist,2,1
groomzilla,4.6,8
my-normal,4.6,23
california-company-town,6,1
my-pet-dinosaur,5.4,51
the-voices-2020,5.8,11
the-truth-commissioner,4.3,3
company-2019,0,0
10-minutes-gone,5.6,153
no-one-dies-in-lily-dale,1,2
toni-braxton-unbreak-my-heart,5.8,16
corpses-are-forever,2.5,2
the-sinister-surrogate,6.7,19
christopher-titus-love-is-evol,8.8,5
winter-love-story,7.1,29
the-basement-2017-1,4.2,9
hibernation,9,2
minuscule-2003,6,1
outdooring,0,0
mrs-henderson-presents,6.7,155
men-in-suits,8,1
50-first-kisses,6.9,7
dying-breed,5.3,80
untucked,0,0
the-accidental-witness,2.5,2
el-paseo-4,5.8,16
beach-flags,7,5
top-gear-the-perfect-road-trip-2,7.3,29
morbid-stories,0,0
el-ultimo-comandante,5,2
barbie-in-the-pink-shoes,6.8,270
brute-force-1914,6,1
stuffed-2019,5,5
backup-boyfriend,0,0
the-marker,6.2,19
my-nephew-emmett,6.3,17
martian-child,6.7,222
5g-zombies,4.3,6
charged-the-eduardo-garcia-story,6.9,5
children-of-war-2014,4.7,3
feast-ii-sloppy-seconds,5.3,129
warrioress,6,4
the-police-certifiable,7.4,27
another-night-on-earth,0,0
monelle,8,2
the-last-ride-2012,5.7,13
talk-back-and-youre-dead,7.6,10
zaza-1923,6.1,15
igirlfriend,5,5
courtside-at-the-nba-finals,4.3,3
50-50,7.1,3013
walking-the-camino-six-ways-to-santiago,4.8,6
h2oil,5,1
dakota-2008,6.5,2
zoolander-2,4.8,1784
the-leisure-seeker,7.1,380
the-playback-singer,0,0
madrid-1987,6.5,38
i-am-herenow,3.6,31
parkway-drive-the-dvd,7.5,2
think-like-a-dog,6.4,113
the-lead-2020,5.2,11
never-too-late-2020,6.1,8
the-unbidden,3.4,8
the-last-sharknado-its-about-time,4.6,168
you-are-more-than-beautiful,5.2,6
miss-austen-regrets,6.1,44
charlie-2013,5.5,4
the-twisted-tale-of-bloody-mary,0,0
the-wash-2009,0,0
i-got-this,6.8,4
nighthawks-2019,5.5,2
4-quarters,8,1
cryptic-plasm,6.5,2
step-up-3d,6.8,1619
if-only-tonight-we-could-sleep,7,4
fuzz-the-sound-that-revolutionized-the-world,6.5,2
the-miners-hymns,7.5,2
the-cow-that-almost-missed-christmas,5.5,2
my-country-no-more,7.5,2
white-night-2012,6,13
the-rose-of-rhodesia,0,0
one-third-2014,6.1,7
crazy-for-christmas,5.4,14
the-boys-girls-guide-to-getting-down,6.2,17
fermented,7,1
with-history-in-a-room-filled-with-people-with-funny-names-4,0,0
miles-ahead,6.5,180
equinox-2020,0,0
blood-bath-beyond,10,1
megamind-the-button-of-doom,6.6,162
the-state-of-marriage,7,6
dave-attell-road-work,7,10
happy-endings-sleepover,6.3,7
the-frontier-2015,5.6,20
the-cell-2,3.6,58
cries-from-syria,6.9,19
finding-mr-wright,5.8,8
cars-life-3-the-royal-heist,1,1
animal-kingdom-2017,0,0
the-marble-heart,0,0
neptunes-choice,0,0
the-wind-takes-them-away-and-our-mind-takes-them-back,0,0
girl-from-nowhere,3.8,9
the-life-of-david-gale,7.4,1461
go-back-to-china,6.2,12
happiness-2007,7,18
neil-patrick-harris-circus-awesomeus,0,0
dr-jekyll-and-mr-hyde-1920,7,93
the-drop-2014,6.7,1711
tom-and-jerry-the-wizard-of-oz,6.1,72
anne-frank-then-and-now,0,0
factory-of-the-sun,0,0
186-dollars-to-freedom,5,12
the-burn,6,1
and-the-winner-is,0,0
chrysalis-2014,4.6,15
the-ghost-2004,6.1,48
femme,7,2
hana-dama-phantom,6,1
bean-2017,0.5,1
cant-walk-away,0,0
the-rebound,6.5,695
tim-hawkins-full-range-of-motion,4.3,2
im-carolyn-parker,6,1
the-night-delivery,0,0
fear-of-the-dark-2005,0,0
counting,7.7,6
christmas-town-1,7.5,19
the-bob-emergency-part-i,10,1
autumn-2015,0,0
heartlift,5,3
the-biggest-game-in-town-2016,0,0
cj7-the-cartoon,6.4,9
the-tale-of-little-puppetboy,4.8,4
oceans-thirteen,6.7,5038
on-the-outs,5.4,9
funkytown,5.8,22
archons,5.4,8
titanic-the-final-word-with-james-cameron,7.5,21
uuh-hell,0,0
here-alone,5.8,131
the-forsaken-2015,0,0
a-cheerful-christmas,5.4,11
final-girl,5.2,545
neal-morse-testimony-live,4.3,2
monday-2018,0,0
cog,5.6,63
chas-dave-last-orders,6,1
the-wolfman,5.8,1515
barstool-cowboy,2,1
bronx-gothic,5.7,3
i-am-watching-you,6.2,12
banting,0,0
the-glamour-the-squalor,7,1
the-rink,6.8,80
vedam,7,24
dropping-evil,2.9,4
tiempo-ordinario,0,0
noelle-2019,6.8,193
ok-good,6.6,9
a-fairly-odd-summer,5.8,55
the-dose,6.3,11
the-floating-island,0,0
fly-by-night-2011,5.3,3
birds-without-names,6.3,10
gritos-del-bosque,4,1
the-hornets-disciple-and-the-scars-she-left,0,0
national-theatre-live-frankenstein-2011,8.4,52
the-nap-2020,0,0
the-mole-agent,8.2,138
the-ash-safe-haven,7.7,3
fantastic-four,4.4,4941
frank-sinatra-the-voice-of-america,8,1
glow-the-story-of-the-gorgeous-ladies-of-wrestling,6.6,30
unforgiven-2013,7,42
wheedles-groove,0,0
bad-eggs,5.7,9
the-guest-house-2017,6.5,2
the-callback-queen,7,4
3-lives,4,1
the-book-of-esther,6,12
stud-life,4.2,7
champion-2018,6.3,16
william-lee-martin-the-nutcracker,0,0
fugue-2018-1,3,1
mary-shelley,7,814
talking-the-pictures,7.7,3
vocal,0,0
the-circuit-2016-1,7,12
in-memory-of-my-father,5.7,3
the-wanted-18,6.1,8
catvideofest-2019,0,0
young-beautiful-2018,7,1
zeta-when-the-dead-awaken,0,0
the-tulse-luper-suitcases-part-1-the-moab-story,6.4,14
yo-marco-los-arboles-para-reconocerlos-despues,0,0
casi-casi,6.6,9
the-devils-elbow,6.3,3
battlefield-america,4.5,18
tormented-2011,5.1,19
swamphead,0,0
arsenal-2017,4.6,106
anita-b,5.8,45
girlfriend-someone-please-stop-the-world,5.7,3
birthday-2019,8.4,16
the-greatest-showman,8,7734
the-demons-rook,3.9,10
gangsters-guns-and-zombies,4.3,17
without-warrant,0,0
exit-the-appeal-of-suicide,0,0
bright-leaves,6.9,13
ethel-ernest,7.4,66
flower-shop-mystery-mums-the-word,7,29
tom-papa-youre-doing-great,6.1,19
the-influence-2019,4.8,199
the-last-race-2018,5.2,5
fractalus,0,0
my-afghanistan-life-in-the-forbidden-zone,0,0
wrong-time-wrong-place,0,0
8-dates,5.3,11
the-last-love-song-on-this-little-planet,4.3,8
fast-loose,0,0
sting-when-the-last-ship-sails-live-at-the-public-theater,5.2,3
ghost-exchange,6.8,4
metallica-rock-in-rio-2011,6.8,3
the-overnighters,7.2,49
the-high-road-with-doug-benson,0,0
women-who-kill,4.7,14
until-they-get-me,4.8,2
the-assassination-of-abraham-lincoln,0,0
clover-2020,5.8,6
carb-loaded-a-culture-dying-to-eat,6.7,5
hornblower-duty,7,20
tomie-vs-tomie,4.5,8
the-singing-detective-2003,5.3,92
cell-phone-investigator-7-pilot,0,0
blood-country,4,1
happily-ever-after-2016,4.8,6
cinema-olanda-film,0,0
vampire-diary,4.4,16
coronation-street-a-knights-tale,6.3,5
the-roma-project,10,1
evidence-of-the-evidence,0,0
vaka,0,0
the-bad-education-movie,5.7,103
making-movies-used-to-be-fun,0,0
the-number-on-great-grandpas-arm,7,2
veneno-2018,6.2,14
my-friend-the-polish-girl,0,0
i-dolours,6.8,4
parts-unknown,0,0
eyeborgs,4.8,46
garfields-fun-fest,5.4,34
celeste-in-the-city,3.7,3
the-date-movie,0,0
hijacking-catastrophe-9-11-fear-the-selling-of-american-empire,6.7,7
the-fox-family,5.2,9
exit-101,0,0
genoveva,0,0
the-pink-floyd-story-which-ones-pink,7.3,5
haunters,6.4,54
i-dream-of-singapore,0,0
nick-cannon-stand-up-dont-shoot,6.7,3
master-harold-and-the-boys,5.3,9
christmas-spirit,0,0
outback,4.9,15
the-first-rainbow-coalition,8,3
the-redemption-of-general-butt-naked,6.8,6
norman-mailer-the-american,7,2
an-unreal-dream-the-michael-morton-story,6.9,7
the-route,0,0
btk,4.9,25
evan-almighty,5.5,3411
order-of-chaos,4.6,18
the-legend-of-longwood,6,6
three-deaths,0,0
patio-2013,6,4
will-you-merry-me,5.1,10
super-cyclone,4.7,32
harold-lloyd-big-man-on-campus,0,0
william-eggleston-in-the-real-world,6.5,9
the-system-2018,6,2
the-taxi-thief,6,5
to-the-editor-of-amateur-photographer,0,0
the-divine-fury,6.7,173
daddys-girl-2006,4.5,3
the-hooligan-factory-2014,5.8,20
una-pelicula-de-huevos,7.8,222
nekopara-ova-extra,0,0
the-heartbreak-kid,5.7,1254
666-the-child,4.4,22
boxing-day-2012,6.1,9
gbomo-gbomo-express,5,1
the-krays-dead-man-walking,3.3,3
i-love-you-stupid,6.5,222
david-2005,5.2,11
madhouse-mecca,4.2,7
the-good-witchs-garden,7.5,72
tiffany-haddish-black-mitzvah,6.3,18
if-only-there-were-peace,0,0
three-extremes,6.8,245
el-sistema-gorevision-cine-z-micropolitica-y-rocanrol,0,0
the-gleaners,0,0
grad-night,1,1
velvet-2018,5.6,5
the-making-of-spooky-action,0,0
to-drink-of-your-blood,3.7,7
the-wall-2017,6.3,654
monster-camp,6.8,10
et-contact-they-are-here,4,1
california-dreams,6.3,3
chris-gethard-career-suicide,7.2,9
extinction-the-gmo-chronicles,5.1,28
the-bourne-ultimatum,7.4,6126
encounters-i-may-or-may-not-have-had-with-peter-berlin,0,0
the-contestant,5.7,23
boom-bust-boom,7,11
whack-world,0,0
1313-billy-the-kid,3.5,4
blue-my-mind,6.8,168
enemies-of-the-state,7,4
making-the-irishman,6.5,4
ginger-cinnamon,6.4,51
breaking-the-mould,4,2
one-bedroom,9,1
within-the-woods-2005,6.3,6
ay-juancito,7,1
fell-jumped-or-pushed,7,1
gladiatress,4,12
where-are-you-taking-me,6.3,4
foreseen,5,2
calibre,6.5,461
hate-crimes-in-the-heartland,7,1
artifact-from-the-future-the-making-of-thx-1138,7,4
the-hobbit-an-unexpected-journey,7.3,15336
christmas-pen-pals,6.5,27
friday-the-13th-2009,5.8,1894
i-am-gabriel,5,13
our-idiot-brother,6.2,723
theatre-of-the-deranged-ii,2.3,2
the-break-up,5.8,2160
upstairs-inferno,7,5
brasil-dna-africa,0,0
numb-2015,5.6,60
back-of-the-net,6.9,80
eriko-pretended,4,1
erasing-david,6,9
two-faces-of-my-girlfriend,6.4,14
magic-mirror-2018,0,0
the-jackhammer-massacre,2.5,2
happy-40th,5.8,4
hammerfall-live-at-masters-of-rock-15,0,0
c-me-dance,1,4
summer-2017,6,2
overdose-the-next-financial-crisis,7.2,9
highlander-the-source,4.1,129
torture-chamber,3.5,14
todd-and-the-book-of-pure-evil-the-end-of-the-end,6.4,5
the-disappeared-2013,0,0
blind-bombing-filmed-by-a-bat,0,0
tokusou-sentai-dekaranger-the-movie-full-blast-action,6.1,6
marianne,4.1,4
fairy-tail-phoenix-priestess,7.3,148
in-flames-used-abused-in-live-we-trust-2005,6.5,1
the-boy-inside,6.5,1
time-warp-the-greatest-cult-films-of-all-time-vol-2-horror-and-sci-fi,7.5,2
breathe-me,7.5,1
headshots-1,0,0
hotaru,8,4
off-the-rails-2016,6.9,12
the-corridor,4.7,31
the-swenkas,7,1
couples,6.9,9
murder-in-the-cathedral-2020,6,1
strength-and-honor-creating-the-world-of-gladiator,7,14
children-of-beslan,7.6,8
vaya,6.6,5
michael-palins-quest-for-artemisia,7,1
making-waves-the-art-of-cinematic-sound,6.8,39
monster-family,5.8,229
flatland-2007,5.8,12
illiterate,2,1
winter-in-the-blood,6,3
for-your-consideration,5.9,120
crackerjack-2013,5,3
zombiegore,0,0
the-ravenite,0,0
padi-padi-leche-manasu,7.1,8
the-summoning,4,1
fields-of-the-dead,3.2,17
the-16th-man,6.4,9
the-death-and-life-of-marsha-p-johnson,7.4,75
goblin-2010,4.9,23
the-great-gatsby-2013,7.4,10005
yo-me-lo-creo,0,0
vada-chennai,7.9,58
bringing-godzilla-down-to-size,8.7,6
i-am-paul-walker,8.1,31
farhope-tower,4.6,5
eyes-of-the-chameleon,0,0
noah-2014,7.5,2
the-american-ruling-class,4.9,7
blackbird-2014,6.1,26
swatted,5.5,4
anubumin,0,0
magic-camp,6.5,6
student-a,8,8
black-water-2018,5.7,186
moon,7.6,4446
christmas-icetastrophe,5.8,42
pacific-warriors,6.8,7
andover,5.3,30
dark-ride,4.8,65
hushaaru,4.9,5
where-the-dead-go-to-die,6.2,43
revolucion-mexicana,0,0
drifting-1923,0,0
swallow-2019,6.6,380
hunter-x-hunter-phantom-rouge,7.2,124
heels-2018,8,1
bait-2015,5.3,10
the-spy-who-went-into-the-cold,6.4,5
f11-and-be-there,0,0
the-capture-of-zuara,8,1
food-and-shelter,6.2,32
warren-ellis-captured-ghosts,6.8,9
copenhagen-dreams,6.3,3
the-skulls-iii,5.1,26
24-little-hours,7,3
goodnight-cinderella,4.8,4
steal-this-film,5.8,26
david-gilmour-live-at-pompeii,8.9,22
april-showers,4.8,18
the-mutilation-man,3.9,5
forbidden-games-the-justin-fashanu-story,7.5,8
an-indian-summer,0,0
oh-my-kadavule,8,24
this-hollow-sacrament,0,0
mumbai-xpress,6.1,10
the-pink-house,5,1
goodbye-world,5.3,111
heartworn-highways-revisited,0,0
emak-ingin-naik-haji,0,0
bathtubs-over-broadway,8,21
dragon-ball-yo-son-goku-and-his-friends-return-2008,6.4,151
whipping-zombie,6,1
vigilante-diaries,4,31
crossbreed,4.4,10
the-gunfighter-1923,0,0
argentino-ql,6.9,15
oasis-in-their-own-words,0,0
the-art-of-racing-in-the-rain,8.4,916
marilyn-hotchkiss-ballroom-dancing-charm-school,5.8,49
that-terrible-jazz,0,0
of-shark-and-man,8,1
the-sky-trembles-and-the-earth-is-afraid-and-the-two-eyes-are-not-brothers,6.8,6
the-mamiya-brothers,5,6
boy-undone,6,8
boy-meets-girl-2015,6.9,83
the-call-2014,7,1
northless,5.4,10
the-turnpike-killer,4.5,2
breath-2017,6.8,53
confirmation,6.9,125
haunted-boat,3.8,5
eedo-rakam-aado-rakam,7,3
the-beast-and-the-beauty,6,16
thats-sexploitation,6.3,9
matchstick-men,7,1277
catnip-nation,0,0
natural-disasters,6,5
eve-2019-1,6.5,2
el-estudiante,7.7,39
further-off-the-straight-and-narrow,0.5,1
april-bride,7,2
nora-roberts-midnight-bayou,6,21
the-business,6.3,89
the-butterfield-effect-stand-up-special,3,1
my-dad-is-100-years-old,6.7,14
the-gentlemen,7.7,3690
terrordactyl,5,24
sunday-ball,5.5,8
the-curse-of-la-llorona,5.7,1776
buckshot,6.5,2
exquisite-corpse-2011,7,1
summer-lake-massacre,0,0
in-bright-axiom,0,0
con-artist,6.7,5
the-dark-below,4.7,11
metallica-lollapalooza-brazil-2017,9.5,2
njpw-g1-climax-30-day-6,0,0
human-desire-1919,0,0
open-your-mind,5,2
suckdog-drugs-are-nice-a-suckumentary-1988-2005,0,0
blade-runner-2049,7.5,10108
pan-2017-1,0,0
im-leaving-now,6,2
the-star-prince,6.5,2
gone-but-not-forgotten-2005,4.7,7
impossible-monsters,4.2,10
voivod-d-v-o-d-1,0,0
townbiz,0,0
hermans-house,6.3,6
the-lost-city-2016,5.7,3
tempo,4.5,11
umskipti-turn,0,0
mp3-una-pelicula-de-rock-descargable,0,0
the-12-dogs-of-christmas,5.3,23
a-farewell-to-all-that,0,0
what-the-f-is-going-on,7.3,4
an-american-girl-story-maryellen-1955-extraordinary-christmas,8,7
lucia-before-and-after,5.7,3
drift-2006,5.5,2
clubhouse-detectives-in-scavenger-hunt,3.7,3
caligula-1400-days-of-terror,7.7,3
a-bad-feeling,8,1
captain-berlin-versus-hitler,4.3,5
the-ranger,4.9,56
the-suspect-2013-1,7,125
yeah,5,3
foolproof,6.2,114
eat-brains-love,4.8,8
ninjaken-the-naked-sword,0,0
mind-candy,0.5,1
tokyo-train-girls-private-lessons,7,1
the-banksy-job,5.7,6
opus-zero,6.5,11
the-legend-of-wong-fei-hung,0,0
8213-gacy-house,3.4,40
born-killers,5,10
david-mccullough-painting-with-words,0,0
eating-up-easter,5.5,2
i-see-you-2019,7,832
the-unwilling,4.5,12
underground-2007,3.9,9
finisterre,0,0
the-quick-and-the-undead,3.4,16
made-in-america-2013,5,5
a-film-in-colour,0,0
the-kings-of-mykonos,5.5,21
hi-death,0,0
the-last-elvis,5.9,12
eve-and-the-fire-horse,7.2,5
seguir-siendo-cafe-tacvba,6.6,7
partir-to-live,0,0
the-kindergarten-teacher-2018,6.6,237
the-last-of-the-just,3.6,9
the-secret-love-life-of-ophelia,0,0
the-internet-warriors,0,0
the-strike-2016,0,0
winnie,6.5,6
the-music-teacher-2012,4,1
the-three-trials,0,0
revelation-road-3-the-black-rider,5.9,8
once-upon-a-time-in-sarajevo,0,0
el-abuelo-2017,10,1
money-shot,5.4,4
exit-strategy-2018,7.2,13
easy-virtue-2008,6.4,302
the-trials-of-muhammad-ali,7,17
warped-tour-2003,0,0
hysteria-2011-6,6.7,662
magicians,6.2,50
timelapse-of-the-future-a-journey-to-the-end-of-time,8.5,8
asian-ghost-story,5.5,2
tamagotchi-the-movie,5,1
pants-on-fire,5.5,58
the-gurney,0,0
the-bell-boy,6.7,28
the-wrong-roommate,5.5,11
hacked-2016,7.3,3
untouchable-2019,6.4,52
stone-of-destiny,6.6,50
manson-2009,5.4,5
chi-raq,5.8,145
noelle,6.9,5
ma,5,5
daddy-long-legs-2005,6.3,18
drill-2019,0,0
sweet-micky-for-president,6.8,4
any-bullet-will-do,3.8,5
ato-atalho-e-vento,8,2
ashby,6.2,368
creep,5.9,530
bane,4.9,17
el-viaje-espacial,0,0
from-the-rough,6,13
parallel-courses,6.4,25
a-christmas-arrangement,4.8,9
the-longleg,0,0
da-block-party,4,2
wendy-2020,6.1,74
chips-2017,6.1,1003
mike-tyson-undisputed-truth,7,41
under-the-sea,5,4
andy-kindler-i-wish-i-was-bitter,0,0
mother-is-god,0,0
occult,6.3,23
my-own-man,7,10
unfaithful-women,4,1
freeman,0,0
cryptic,6,1
epoch-2018-1,6.3,3
foals-live-at-the-royal-albert-hall,6.2,3
the-goya-murders,5,39
the-witmans,0,0
the-dark-kingdom,4.3,14
martin-luther-the-idea-that-changed-the-world,7.1,9
manmadhudu-2,6,7
the-drifter,4.7,3
stray-dog-2014,5.7,3
take-my-eyes,7.3,160
mother-and-child,6.9,95
burke-hare-2010,6.1,362
crows-explode,6,63
the-executioners,4.9,19
toda-una-vida,0,0
flesh-and-blood-2017,5.7,7
bringing-up-bobby-2011,5.4,29
composing-the-beatles-songbook-1966-1970,0,0
broken-a-musical,10,1
the-bellwether,7.5,2
homme-less,6.5,2
garbo-2005,7.4,5
copperhead-2013,5.4,18
the-zombies-odessey-oracle-revisited-the-40th-anniversary-concert,0,0
we-used-to-know-each-other,7,1
the-lift-boy,6.8,11
exiles-2013,5.5,2
the-deal-2016,4.7,3
ultimate-justice,5.9,11
hitchcock-and-stage-fright,6,1
paranormal-entity,5.3,90
collaborators-2019,0,0
white-rabbit-2018,5.7,8
boat-2009,5.2,3
the-house-of-steinbrenner,5.6,11
firebreather,7.6,139
the-claustrum,7,2
monalisa-story,6.3,3
stomp-live,4.8,3
the-girl-in-the-woods-2020,7,4
l-word-mississippi-hate-the-sin,6.5,6
i-do-i-did,3,5
mapa,5.2,6
under-my-nails,2,1
tommy-2017,8.5,2
get-a-job-2016,5.3,508
cold-2015,0,0
the-incredible-hulk,6.2,9168
metalocalypse-the-doomstar-requiem,7.7,36
coopers-camera,5.5,6
the-girl-in-the-park,6,55
the-shovel,0,0
asuran,8,48
the-girl-from-nagasaki,5.7,3
how-not-to-be-seen-a-fucking-didactic-educational-mov-file,9,1
cybernetic-showdown,0,0
burt-lancaster-the-film-noir-years,0,0
go-anpanman-rubys-wish,0,0
2-voodoo-academy,4.3,4
through-the-ashes,1.5,2
suave-patria,5.9,40
full-out-2-you-got-this,6.7,46
mabel-mabel-tiger-trainer,0,0
days-of-darkness,5,17
margarita,6,11
maria-montez-the-movie,5,1
merry-bright,6.6,21
they-remain,4.9,25
i-hate-myself,6.8,5
gangnam-blues,7,54
flight-7500,4.7,420
neither-you-nor-i,6.1,14
i-am-richard-pryor,7,1
the-uncertain-kingdom,8.5,1
el-charro-juarez,5,4
the-rise-and-rise-of-bitcoin,7.1,41
the-campaign,5.8,1361
stranded-n-dangriga,5.8,4
woodstock-or-bust,8.3,3
dream-journal-2016-2019,0,0
worm-2013,5.8,5
the-engineer-2014,0,0
firmin,5.3,4
charlie-bartlett,6.7,497
the-irishman-2019,7.7,5021
villons-wife,6.7,10
video-nasties-moral-panic-censorship-videotape,6.8,24
a-fallible-girl,6,1
naruto-shippuden-the-movie-blood-prison,7.2,318
youth-without-youth,6.2,151
zappa-plays-zappa,0,0
will-power-1913,0,0
the-secret-in-the-attic,0,0
horrible-bosses-2,6.2,3432
sweet-daddy,0,0
five-children-and-it,5.5,182
odins-afterbirth,10,1
the-fence-la-barda,6.9,5
first-cousin-once-removed,5.8,4
craneway-event,9,5
dating-a-vampire,0,0
the-mars-volta-live-at-the-electric-ballroom,8.5,1
masterplan-keep-your-dream-alive,8,1
the-wishing-tree,6.1,10
wild-card-the-downfall-of-a-radio-loudmouth,6.5,5
imponderable,0,0
when-the-bull-cried,9,1
blood-stained-route-map,5,1
my-girlfriends-boyfriend,5.8,91
panke,0,0
the-illusionist,7.3,3859
driving-not-knowing,0,0
games-people-play,0,0
8-thottakkal,7.1,16
the-love-effect,8,1
home-again,4.1,4
super-sleuths,5.3,5
temple-grandin,7.8,284
lynch,5.8,12
zen-the-art-of-dying,5.5,2
monsterz,5.9,14
my-babysitters-a-vampire,6.9,303
tokyo-tribe,6.7,118
atom-the-amazing-zombie-killer,5.7,3
the-motivation,6.8,26
frankie-2011,5.4,7
eurocine-33-champs-elysees,6.3,3
mono-lake,0,0
cottage-country,5.3,104
monsterland-2016,5.3,10
the-death-of-poe,6,1
elevator-2013,0,0
fangboner,0,0
tides,5.5,1
stealing-rodin,7.8,5
what-is-this-film-called-love,6.8,4
the-kaos-brief,4.9,9
good-mourning-lucille,0,0
where-the-is-santa,6.3,10
hard-luck-hero,6.4,5
you-got-served,6.3,294
the-rack-pack,6.9,22
yazoo-a-short-film,0,0
ghost-eye,0,0
the-deal-2008,5.7,34
idol-is-dead,6,3
sunny,6.4,17
wasp-2015,5.2,13
no-longer-human-2019,5.9,10
marrying-mr-darcy,6.4,25
our-house-for-the-weekend,7,1
when-evil-calls,3,3
nina-2012,4.7,12
walk-away-renee,4.5,4
the-white-stripes-under-blackpool-lights,7.5,9
i-am-jane-doe,6.1,48
max-rose,5.3,8
fairlane-road,4,3
strigoi,6,23
battle-recon,3.8,3
careful-what-you-wish-for,6.1,313
anjelah-johnson-the-homecoming-show,6,6
steam-room-stories-the-movie,7.6,8
vampire-dog,5.4,38
girl-fight,6.4,29
the-warrant,5.6,15
dream-boy,6.1,78
good-girl-bad-girl,6,1
holy-money,0,0
a-country-wedding,6.9,84
outpost-black-sun,5.1,75
the-turn-of-the-screw-2004,7,1
victorian-farm-christmas,0,0
hank-5-years-from-the-brink,7,5
meet-the-hitlers,6,7
magic-kingdom-imagineering-the-magic,8,2
fired-up,6.1,464
the-twins-1911,0,0
blondie-live-at-cbgb-1977,0,0
terror-at-bigfoot-pond,1,1
eagles-farewell-i-tour-live-from-melbourne,7.8,13
dress-to-impress,0,0
bunshinsaba-ouija-board,6.2,49
grant-morrison-talking-with-gods,7,14
wonderful-nightmare,7.3,19
the-shack,7.4,1570
the-making-of-not-alone-in-here,8,1
made-of-honor,6.4,1331
eat-wheaties,6,3
the-blessing-2018,0,0
falsely-accused,5.3,4
2012-ice-age,4.4,212
the-girl-king,6.3,129
zipper-coney-islands-last-wild-ride,7,1
certain-women,5.9,240
cyrano-agency,6.9,46
apartment-inferno,0,0
the-similars,5.9,112
the-fiddling-horse,3.5,2
when-romance-meets-destiny,6.1,10
fantastic-theater,5.5,2
the-man-from-earth,7.7,1697
dragonheart-3-the-sorcerers-curse,5.4,193
chalk-chocolate,0,0
swamy-ra-ra,5.6,10
the-five-year-engagement,5.8,1079
pariah,6.9,99
4-horror-tales-hidden-floor,5.7,12
the-venerable-w,6.1,30
the-russian-revolution-2017,6.6,19
i-cannot-tell-you-how-i-feel,0,0
born-equal,5.1,8
trafficked-2017,6.9,55
transformers-prime-beast-hunters-predacons-rising-2013,8.3,78
mockingbird-lane,6.5,19
british-museum-presents-hokusai,8.5,2
one-day-dolores-was-on-her-own,5.2,6
loving-sophia,0,0
the-wiggles-santas-rockin,5.3,2
wallflower-2017,6,2
blues-story,4,2
frontline-the-confessions,8,2
the-highest-pass,0,0
chaos-2018,4.5,2
the-sacred-city,10,1
toxic-bees-human-intervention,5,2
tanzania-a-journey-within,0,0
to-plant-a-flag,0,0
mega-cyclone,5.4,37
blood-pulls-a-gun,5,5
the-day-of-destruction,6,2
the-polymath-or-the-life-and-opinions-of-samuel-r-delany-gentleman,8,1
nip-and-tuck,0,0
talhotblond-2012,6.5,29
the-infidel,6,86
hello-bill,0,0
comic-book-the-movie,6,18
the-horror-at-gallery-kay,0,0
city-island,7,266
wild-flower-2017,0,0
the-devils-candy,6.3,497
ninja-the-monster,2,2
first-winter,4.4,5
the-sturgeon-queens,6,1
the-year-of-the-tiger,5.4,5
monkey-up,4.1,16
midnight-in-paris,7.5,5954
comic-store-heroes,5.8,4
finding-joseph-i-the-hr-from-bad-brains-documentary,6.3,3
you-better-watch-out,3,1
black-hat,7,1
making-of-despiser,0,0
foster-2018,6.1,8
the-revolution-of-immortal-technique,0,0
visitor-2004,5,2
tappy-toes,2,1
the-soloist,6.7,594
we-still-kill-the-old-way-2014,6,45
cathodic-works,10,1
farewell-1999,0,0
madonna-re-invention-world-tour,7.3,6
cinema-chupista-maava,7,1
hinsdale-house,4,3
black-rose,2.6,16
outlaw,5.4,100
whitesnake-the-purple-tour,7,3
unhuman,3.5,2
norm-of-the-north-king-sized-adventure,7.5,8
wrestling-for-jesus-the-tale-of-t-money,6.5,2
the-if-project,7,3
exit-plan-2016,5,3
gauguin-the-full-story,0,0
childstar,5.4,8
coconut-hero,6.1,54
impulso-2015,0,0
earthy-encounters,5,2
the-warning,3.6,10
evita-the-making-of-a-superstar,0,0
the-crime-of-carelessness,5,1
hell-house-llc-iii-lake-of-fire,5.1,44
the-leisure-class-2015,4.2,17
the-wiggles-lights-camera-action,5.3,2
the-eye-of-the-storm,5.6,21
christmas-with-the-andersons,5.3,10
the-milk-of-sorrow,6.4,69
what-in-the-world-are-they-spraying,7.5,5
visions-of-joe-and-hanna,0,0
the-calm-after-the-storm,0,0
the-kings-highway,0,0
tasmanian-tiger,6,1
cannibals-and-carpet-fitters,4.3,9
you-gave-me-a-song-the-life-and-music-of-alice-gerrard,10,1
gun,5.4,71
friends-of-god-a-road-trip-with-alexandra-pelosi,6.8,4
transatlantic-more-never-is-enough,0,0
wtf-2017,5.2,35
checking-out-2005,6.2,10
daisy,7.1,66
fossil,3.3,3
the-story-of-bohemian-rhapsody,8.3,9
vitamania-the-sense-and-nonsense-of-vitamins,7.6,18
the-call-2009,3.9,4
enron-the-smartest-guys-in-the-room,7.3,193
the-hatred-2018,5.2,5
a-childs-voice-2018,6.7,27
tua,4,1
hughie-green-most-sincerely,0,0
mark-ronson-from-the-heart,5,1
the-christmas-waltz,8.1,14
hide-the-monster,3.3,4
the-other-guys,6.3,3211
open-season-3,5.7,417
where-is-good,5.1,11
happy-new-year-colin-burstead,6.7,31
angel-2018-2,5.5,2
winner,5.9,4
under-the-dog,6.9,13
the-scarecrow,7.4,95
bab-2020,5.5,2
toxic-2020,7,30
tango-one,5.4,22
the-meme-machine,7,1
the-ascent-2017,2,1
dr-brinks-dr-brinks,0,0
blood-moon-river,2,1
the-favorite-2019,6,1
the-sighting-2016,3.3,17
the-ace-of-hearts,6.6,23
take-out-girl,1,1
chemical-peel,5.4,13
voor-emilia,0,0
flying-by,6.2,5
make-me-famous,8.5,2
mom-and-dad-2017,5.2,720
the-darkness-is-close-behind,0,0
the-grizzlies-2018,7.6,25
the-cool-kids,0,0
minor-threat-live,0,0
nobel-son,6.4,82
woodpecker,5.2,5
house-of-wax-2005,5.8,2206
no-border-aspettavo-che-scendesse-la-sera,0,0
hellhounds-2013,0,0
attack-of-la-nina,4,4
dragon-ball-episode-of-bardock,6.8,291
16-blocks,6.4,1504
gnome-alone-2017,6.3,186
blitz-patrollie,0,0
wrong,6.3,241
a-billion-colour-story,7.2,9
oh-invisible-man,6.3,6
man-up,6.6,769
6-souls,6,547
half-caste,1,1
haunting-of-winchester-house,3.9,16
bruce-lee-the-fighter,5.8,13
final-kill,6.2,5
helmut-by-june,6.3,3
the-easybeats-to-ac-dc-the-sound-of-aussie-rock,6,1
citizen-jane-2014,5.3,3
the-hunting-ground-2015,7.4,117
tomboy-2018,5.6,22
idiots-and-angels,6.7,51
captain-fantastic,7.9,5157
still-the-earth-moves,5,3
for-izzy,5.2,3
i-saw-the-light,6.3,153
the-final-destination,5.6,2411
a-dozen-summers,6,2
batman-vs-robin,7.2,660
wild-tigers-i-have-known,6,25
broadways-lost-treasures,5.6,4
there-will-come-soft-rains-2018,5,1
zyuden-sentai-kyoryuger-100-years-after,6,1
herstory,9.4,10
the-outhouse-the-film-1985-1997,0,0
how-to-eat-your-watermelon-in-white-company-and-enjoy-it,6,3
the-hotel-venus,10,1
the-lost-vlog-of-ruby-real,3.8,2
the-frolic,0,0
whos-the-boss-2013,5,1
the-golden-supper,4.5,2
national-geographic-hitler-and-the-occult,5.3,2
vampire-whores-from-outer-space,1,1
zombie-werewolves-attack,1,2
vlogumentary,6.2,5
the-battery-2012,6.2,189
tremors-2019,6.9,18
fielders-choice,7.5,2
midnight-at-the-magnolia,6.2,162
chasing-butterflies,5,3
why-spend-the-dark-night-with-you,0,0
the-film-critic,5.4,7
camp-belvidere,7.2,25
wild-horse-wild-ride,8.7,9
7-days-in-havana,5.9,69
hitch-2005,6.5,4625
chad-daniels-dad-chaniels,0,0
birds-of-neptune,4.4,5
the-last-ride-2016,8.5,6
sugar-2008,6.5,33
the-scythian-lamb,6.3,10
hala-2016,4,1
nowhere-special,7.3,15
5150-mall-cop,2,3
i-shot-my-parents,6,1
ape-sodom,5,1
natural-selection-2015,5.4,108
aria-the-ova-arietta,4.5,2
the-residue-of-a-relationship,7.8,4
the-messenger-2015,4.9,17
aziz-ansari-right-now,7.4,73
house-of-salt,0,0
end-of-sentence,5.9,28
united-nation-three-decades-of-drum-bass,6.5,2
eso-que-llaman-amor,6.2,3
nine-muses-of-star-empire,5.9,7
tori,0,0
the-polygon,0,0
the-artist-the-pervert,0,0
the-shaman-2015,7,14
i-am-chris-farley,7.1,72
oldboy,8.3,6223
the-taqwacores,4.7,6
in-praise-of-action,10,1
the-chef-2019,0,0
my-brother-jordan,7.2,5
care-bears-journey-to-joke-a-lot,6.4,8
svaha-the-sixth-finger,6.5,94
strangers-on-the-earth,6,2
hierba,0,0
the-rise-and-fall-of-nokia,6.6,7
surge-of-power-the-stuff-of-heroes,10,1
the-face-is-familiar,0,0
the-adventures-of-young-indiana-jones-scandal-of-1920,5.3,8
engeyum-eppodhum,7.1,21
three-wise-cousins,7.5,2
cocaine-cowboys-reloaded,7.5,19
if-i-were-you-2018,7,26
from-the-sea-to-the-land-beyond,0,0
the-mentor-2020,0,0
the-hill-of-wind,6.5,2
driftwood-2016,4.3,4
these-amazing-shadows,7.5,55
fifteen-2015-1,0,0
gemini-2014,0,0
zombie-cats-from-mars,3.7,3
film-noir-bringing-darkness-to-light,6.9,11
another-assembly,0,0
david-bowie-the-man-who-stole-the-world,6.5,2
cosmic-conflict-the-origin-of-evil,10,1
darkening-sky,4.5,10
fantasias,6.9,13
paper-angels,5.6,8
surf-gang,0,0
omega-rising-remembering-joe-damato,0,0
mixed-kebab,6.3,23
the-kingdom-of-dreams-and-madness,7.6,122
hangman-2015,4.6,101
the-singularity-is-near,6.8,6
female-human-animal,5.7,4
mike-birbiglia-thank-god-for-jokes,7.4,55
hacks-2012,5.5,2
bleed-2016,4.2,41
my-daughter-nora,0,0
i-spit-on-your-grave-iii-vengeance-is-mine,5.7,707
the-man-from-mowax,6.6,8
the-u,7.1,17
untouchable,6.3,3
mr-bones-2-back-from-the-past,5.9,13
once-upon-a-sesame-street-christmas,7,2
fortress-2012-1,5.9,29
hannahannah,0,0
the-great-hack,6.8,370
thank-you-for-playing,7.3,6
odayaka,5.7,3
andy-kaufman-world-inter-gender-wrestling-champion-his-greatest-matches,0,0
the-animated-world-of-halas-and-batchelor,0,0
me-and-the-cult-leader,0,0
wizards-on-deck-with-hannah-montana,6.9,162
the-stampede-1921,0,0
metallica-san-francisco-symphony-sm2,9,91
surviving-crooked-lake,4.9,4
walter-finds-a-father,0,0
going-under,5.9,12
the-girl-who-stayed-at-home,5.3,6
buscando-a-panzeri,0,0
holy-land,5.3,3
female-prisoner-ayaka-tormenting-and-breaking-in-a-bitch,0,0
bowling-balls-2004,0,0
the-song-of-love,0,0
cemetery-junction,6.6,178
the-matchbreaker,5.9,48
hit-the-first-case,6.9,22
he-was-a-quiet-man,6.4,226
pacchigi,5.4,9
flower-2017,6.6,186
mail-order-monster,4.9,14
gray-matter-2018,5.6,11
nobody-is-innocent-20-years-later,9,1
they-call-us-monsters,6.8,16
dreamgirls,6.8,776
break-my-fall,1.9,6
ed-gamble-blood-sugar,6,3
off-beat-2011,4.6,4
the-last-samurai,7.5,5253
check-please,8,1
the-horde-2012,6.5,15
negadon-the-monster-from-mars,6.5,2
where-in-the-world-is-osama-bin-laden,6.3,44
the-cold-blue,6.5,21
such-a-morning,0,0
branded-2017,3,1
sweet-sweet-lonely-girl,5.5,34
marvellous-melbourne-queen-city-of-the-south,0,0
employee-of-the-month,5.7,104
the-third-part-of-the-third-measure,0,0
the-silent-man,0,0
under-the-apple-tree,6,1
the-professor-2018,6.8,784
no-stone-unturned,7.3,13
barbershop-2-back-in-business,5.8,191
the-telling,4,11
i-love-you-i-miss-you-i-hope-i-see-you-before-i-die,6,1
i-dalio,6.4,7
one-child-nation,7.3,106
the-midnight-man-2017,7.6,13
great-communist-bank-robbery,6.8,3
the-last-days-on-mars,5.4,611
11-blocks,3.8,6
gaga-five-foot-two,7.5,516
the-tiger-the-guru,0,0
one-color-self-portrait,5,4
what-will-become-of-us-2019,8,1
frank-zappa-the-torture-never-stops,5.8,3
chronological-order,7,2
the-ganzfeld-haunting,4.5,20
a-few-screws-loose,0,0
who-killed-the-white-llama,6.1,6
21-x-new-york,7.3,4
atmo-horrox,4.4,4
eels-royal-albert-hall,0,0
home-2013,6.5,4
falling-for-grace-2006,5.3,19
urzila-carlson-overqualified-loser,5,5
how-to-train-your-husband,6.5,42
monster-high-boo-york-boo-york,7.6,114
mud-and-sand,6.3,7
the-final-project,3.3,19
nota-2018,5.9,18
bobby-fischer-against-the-world,6.9,89
the-kings-letters,8.3,4
angie-2018,0,0
nene-raju-nene-mantri,7.3,16
the-hive,4.3,25
the-bony-lady,0,0
the-window-2012,5.7,3
farewell-regent,0,0
the-50-best-horror-movies-youve-never-seen,6.8,8
anathema-arienette,0,0
thankskilling-the-musical,0,0
mushi-shi-the-movie,6.2,29
blame-2017,6.4,211
the-champeen,6.5,3
for-the-plasma,5.8,5
my-teacher-my-obsession,4.9,69
ninja,6,227
7-days-of-himawari-her-puppies,5.6,6
bamy,0,0
the-unmiracle,5.6,5
nona-2017,5.5,4
mending-fences,5.5,6
a-christmas-carol-goes-wrong,8.5,6
human-flow,6.8,58
housekeeping-2015,7.5,2
gramps-goes-to-college,1,1
bone-eater,3.3,25
the-empowerment-project-ordinary-women-doing-extraordinary-things,0,0
the-gift-2008-1,6.3,4
high-ground-2020,6.6,38
a-bad-idea-gone-wrong,6.7,47
naruto-shippuden-the-movie-the-lost-tower,7,262
hancock,6.3,7673
my-family-and-other-animals,6.2,19
hypebeasts,0,0
compound-fracture,4.5,12
daydreamer,4.6,5
an-index-of-metals,0,0
monster-island-2014,0,0
stephanie-daley,6,22
the-best-men,6.1,10
mood-boobs,8,1
anchorman-2-the-legend-continues,6.1,2000
christmas-solo,5.9,15
woodstock-2019,7.4,36
dumbo-2019,6.7,3612
thirst-2009,7.1,565
bad-is-bad,7.7,3
medusa-queen-of-the-serpents,3,3
take-every-wave-the-life-of-laird-hamilton,6.7,9
bailiwick,0,0
guest,6,5
the-claire-wizard-thesis,5,1
the-disappearance-of-haruhi-suzumiya,7.8,149
esports-the-celebrity-millionaires-of-competitive-gaming,6,1
gropius-memory-palace,0,0
the-hollywood-moms-mystery,5,1
the-adonis-factor,5.3,4
mirror-mirror-2012,5.9,2782
cold-turkey-2013,3,2
dying-to-kill,3.5,2
touch-2013,7,1
womb-2017,6,4
the-scent-of-rain-lightning,5.4,24
summerhood,5.8,8
the-diabolical,5.1,159
without-rhyme-or-reason,5,4
enter-nowhere,6.4,136
hit-and-run-2009,4.5,51
the-nobodies-2018,7.3,4
the-magic-school-bus-rides-again-kids-in-space,7.6,23
universal-remote,2,2
hamlet-2009,7.5,55
copyright-criminals,6.6,7
tad-jones-and-the-basement-of-doom,6.3,13
muse-live-at-rome-olympic-stadium,8.7,25
the-cloverfield-paradox,5.6,2534
nwo-the-revolution,7.2,5
stephanie,6.2,181
glickman,8,2
cheerleader-autopsy,3.7,3
honest-thief,6.5,1125
the-boy-next-door-2015,4.8,1763
national-geographic-incredible-human-machine,7,5
chapel-perilous,1,1
mi-norte-es-el-sur,0,0
bleach-the-movie-hell-verse,7.3,110
the-test-and-the-art-of-thinking,0,0
mo-mandel-negative-reinforcement,6.5,1
ellipsis-2017,5.8,4
the-sky-pilot,4.8,3
chinnadana-nee-kosam,6,5
inside-story-the-silence-of-the-lambs,6.8,4
xv-en-zaachila,5.7,3
give-me-the-banjo,7.2,6
nick-swardson-taste-it,6.1,8
maroon-5-live-at-casino-de-paris,0,0
clean-break-2013,5.3,6
tales-from-the-hood-2,4.6,33
my-dad-stephanie,0,0
going-attractions-the-definitive-story-of-the-movie-palace,6,1
house-of-ghosts,4,2
the-spy-who-dumped-me,6.4,1810
cyborg-009-vs-devilman,5.2,6
asking-alexandria-through-sin-self-destruction,4.3,2
the-lifeguard,5.4,234
one-way,5.5,36
falcon-rising,6.2,255
everything-is-terrible-the-movie,6,7
the-atoning,5.7,49
sugar-town,5,3
maiko-haaaan,6,5
have-a-song-on-your-lips,6.7,13
basile-h,0,0
charlies-farm,4.8,71
bamiyan,5,4
eloise-at-the-plaza,6,59
upside-down-2012,6.2,2099
coach-2010,5.3,16
the-anomaly,4.9,268
the-long-dumb-road,5.6,52
girl-with-the-sex-ray-eyes,7,2
hospitality-2018,6.5,12
thondan,6,5
the-13th-man-2019,8.3,4
boss-the-black-experience-in-business,0,0
you-dont-know-bo,7.4,21
fear-island,5.2,115
caviar-dreams,0,0
a-company-man,6.8,121
christmas-unwrapped,6.2,12
club-habana,0,0
mustang-sallys-horror-house,4.1,8
freaks-of-nature,6.2,402
summers-blood,5,51
mothers-of-bedford,10,1
babysitters-black-book,5.7,63
the-little-hours,5.7,378
the-dancer-and-the-thief,5.9,33
the-tempest-shakespeares-globe-theatre,8.3,3
the-surrogate-2020,4.7,3
witchs-dungeon-40-years-of-chills,8.2,3
good-luck-charlie-its-christmas,6.6,342
teeth,5.2,528
i-do-until-i-dont,5.1,48
evel-knievel,6,3
witchcraft-13-blood-of-the-chosen,4.2,6
gone,5,66
human-touch,5.5,4
february-2014-2,0,0
nightwaves,5.5,2
miss-cherrys-love-puzzle,0,0
one-shot-2014,4,16
steven-wright-when-the-leaves-blow-away,6.3,10
bait-2019,7.1,53
gorgonas,7.3,3
the-aviator,7.2,4134
the-last-pinoy-action-king,0,0
i-am-virgin-2010,3.8,14
the-standbys,6,1
une-sur-trois,0,0
the-house-where-the-mermaid-sleeps,8.1,7
welcome-to-curiosity,5.4,15
the-lost-world-of-red-robbo,0,0
born-bad,4.6,14
zombie-farm,2.1,5
not-gay,0,0
matt-braunger-finally-live-in-portland,0,0
open-season-2,5.8,915
the-kingdom-of-shadows,5.7,3
in-bloom-2013,6.9,19
bloodsucking-bastards,5.5,132
grand-isle-2019,5.9,194
tree-identification-for-beginners,0,0
the-battle-roar-to-victory,7.1,12
the-poor-musician,0,0
trampoline,0,0
the-school-2018,4.4,27
hendrix-on-hendrix,7,1
breaking-the-frame,0,0
here-comes-the-bride-my-mom,5.3,3
one-night-stand-flight-of-the-conchords,7.7,12
every-little-step,6.5,14
steve-byrne-tell-the-damn-joke,5.5,4
broken,5.7,19
velvet-buzzsaw,5.3,1526
the-keeper,4.7,20
frontline-a-death-in-st-augustine,6,1
within-these-walls-2015,6.3,4
assholes,6.5,4
ouroboros-2017,5,4
galaxy-of-horrors,5.2,28
breaking-the-bank,4.5,12
black-code,5.5,6
willie-nelson-the-library-of-congress-gershwin-prize-for-popular-song,0,0
minis-first-time,5.8,86
no-logo-taking-aim-at-the-brand-bullies,6.4,8
my-little-china-girl,0,0
florence-foster-jenkins,6.7,1213
crossing-borders-2006,6.5,43
a-better-place-than-this,0,0
one-love,6.1,11
when-a-man-falls,4.2,9
through-the-glass-darkly,5,3
augie,6,1
the-war-show,6.3,3
the-meltdown-memoirs,0,0
matt-braunger-big-dumb-animal,6.9,7
of-good-report,6.8,4
the-covenant-2017,4.6,20
the-young-kieslowski,7.2,36
the-legend-of-cocaine-island,7.5,2
brillantes,0,0
vegas,4.8,8
cannibal-corpse-the-making-of-the-wretched-spawn,0,0
mount-pleasant,1,1
when-i-grow-up-2004,0,0
my-heart-goes-boom,6.3,52
awake-the-life-of-yogananda,6.7,16
the-mayor-2011,6,1
the-bravest-the-boldest,5.8,4
write-when-you-get-work,4,5
one-man-dies-a-million-times,0,0
gcw-joey-janelas-spring-break-3-part-1,0,0
wings-of-life,7.1,29
darkness-reigns,5.2,11
when-the-lights-went-out,5.7,91
zombieworld,4.8,16
dustbin-baby,5.4,5
dadli,6,6
monos,6.7,253
monster-factory,0,0
a-dog-for-christmas,6.7,3
memories-in-march,7,3
mystery-woman-wild-west-mystery,5.5,8
uncle-bob,6.3,3
andarivadu,5,2
hulk-where-monsters-dwell,6.9,55
da-sweet-blood-of-jesus,5,46
the-little-rascal,10,1
one-day-at-disney,6.7,13
the-heart-dances-the-journey-of-the-piano-the-ballet,0,0
chubby-2019,0,0
dreams-with-sharp-teeth,7.4,15
the-still-life,0,0
us-kids,10,1
hillbilly,7.2,6
everybodys-child,7,1
national-theatre-live-a-small-family-business,0,0
tenchi-the-samurai-astronomer,8,1
haunted-maze,5.5,2
forging-the-frame-the-roots-of-animation-1900-1920,0,0
harold-kumar-go-to-white-castle,6.5,1544
cuties,6.4,4
the-cleansing-hour,7.3,3
the-nutcracker-sweet,4.3,6
bordertown-2007,6.3,243
an-la-minute,0,0
texas-frightmare-massacre,10,1
the-craft-legacy,6.4,478
elder-island,4,5
heart-beating-in-the-dark-new-version,5.5,6
you-will-meet-a-tall-dark-stranger,5.9,660
maniac-farmer,5,2
the-dead-man-and-being-happy,4.8,8
ghostwatcher-2,4.5,2
an-evil-tale,0,0
whirlygirl,5.6,27
namma-veettu-pillai,5.8,10
the-vatican-tapes,5.2,588
stewart-lee-stand-up-comedian,7.2,11
yamazakura-the-cherry-tree-in-the-hills,7.5,1
british-animation-women-breaking-the-mold,0,0
one-deadly-weekend-in-america,7.5,2
the-program-2015,6.3,390
the-darling-of-new-york,0,0
on-the-night-stage,5,1
bad-actress,6.3,2
if-then-else,6.5,1
natalie,6,12
the-opposition,4.3,2
the-price-of-free,8.5,2
narratage,7.2,5
the-mountain-2018,5.3,31
miss-granny-2018,6.7,5
the-surface-2014,4.8,15
marilyn-monroe-declassified,5,3
the-song,5.8,62
toffs-queers-and-traitors-the-extraordinary-life-of-guy-burgess,0,0
the-elder-son,6.6,28
charlie-says-2018,5.9,149
coach-2013,0,0
unfinished-plan-the-path-of-alain-johannes,6.5,2
the-cake-eaters,5.5,95
i-dont-like-mondays,6.3,4
foxfire-2012,5.8,51
house-of-bad,3.3,6
the-good-intentions-2019,6.1,22
marooned-2019-1,0,0
blame-it-on-the-streets,1,2
the-pod-2006,0,0
canadian-strain,4.7,3
eastwood-directs-the-untold-story,5.4,14
the-change-up,6.1,2142
curtain-call-2016,6.8,4
the-tyranny-of-consciousness,0,0
brigsby-bear,7.1,283
outlaw-prophet-warren-jeffs,6.2,31
then-summer-came,4,1
endless-night-2015,6,44
hans-zimmer-live-in-prague,8.5,67
stick-it-in-detroit,0,0
dreaming-with-scissors-hitchcock-surrealism-salvador-dali,0,0
the-forbidden-team,0,0
urban-fruit,8,1
the-great-the-small,6.4,9
blood-moon-rising,4.9,5
suicide-kale,6.1,4
zaha-hadid-an-architect-a-masterpiece-2016,0,0
the-commodore-story,6.5,11
the-bare-wench-project-5-the-final-chapter,6.5,4
the-toilet-an-unspoken-history,8,4
until-you-untie-me,5.8,4
manslaughter-1922,6,8
luton,5.2,15
angels-fall-2005,5.1,7
heckler,5.9,43
tupac-uncensored-and-uncut-the-lost-prison-tapes,6.9,5
me-dorothyand-this-road-to-oz,7,1
lx-2048,5,25
ouija,5.1,2252
the-call-of-the-cumberlands,0,0
cal-2013,5.5,15
bobby-the-hedgehog,5.5,10
brides-to-be,2.6,4
i-was-a-teenage-werebear,7,8
tiger-woohoo,5,1
chalet-girl,6.4,536
626-evolution,5.2,5
hari-kondabolu-warn-your-relatives,5.8,11
im-really-good,7.3,2
christmas-magic,6.7,30
bad-apples,4.6,10
blinder,4.9,7
candy-cane-christmas,5.8,10
the-master-mystery-1918,6,2
8th-wonderland,5.8,21
the-format-live-at-the-mayan-theatre,0,0
vetrivel,4.5,2
canis,6,7
yaji-and-kita-the-midnight-pilgrims,7,1
10000-saints,6,132
fear-bay,4.9,5
minna-esupa-dayo-bangaihen-esupa-miyako-e-iku,4.8,4
impact-after-the-crash,7.7,5
forest-of-the-damned,3,22
third-kind,5.4,8
undisputed-ii-last-man-standing,7.2,532
essex-heist,3.7,3
sushi-girl,5.8,78
the-animal-people,7,7
the-king-of-fighters,4.7,89
never-kiss-a-man-in-a-christmas-sweater,6.4,16
the-condemned-2013,6.5,8
i-wish,7.3,98
forest-fairies,4.7,3
the-ruins,5.9,807
the-furious-force-of-rhymes,4,1
man-made,0,0
the-man-who-had-everything,0,0
illuminated-the-true-story-of-the-illuminati,5.4,8
eddie-the-eagle,7.2,1697
dawn-2014-2,0,0
mrs-ratcliffes-revolution,5,1
build-the-wall,0,0
north-pacific,5,2
the-wicked-one,3.2,5
stopover-in-dubai,0,0
the-company,5.3,78
magalir-mattum-2017,7.1,10
another-2013,5.7,3
virgin-alexander,6.1,4
dark-blue-almost-black,6.8,72
harold-pinter-a-celebration,0,0
we-make-couples,0,0
the-dc-video-2003,9,2
zombie-musical,5.4,5
changeling,7.6,3223
museum-town,0,0
middle-class-melodies,6.8,10
the-life-of-death-2015,0,0
newness,6.1,492
stye,0,0
blood-and-steel-making-enter-the-dragon,7.7,3
madrugada-2008,0,0
suspect-x,7.4,67
our-brand-is-crisis-2015,5.8,399
the-killing-device,0,0
strawberry-shortcake-spring-for-strawberry-shortcake-2003,8.3,3
my-last-round,5.3,9
the-jurassic-dead,3.7,10
the-majesty-of-the-law,0,0
moonspell-live-in-lyon,0,0
testament-live-in-london,0,0
unity-2015,7.7,20
newtown,6.7,41
cia-secret-experiments,6.8,2
third-contact,4.6,5
ceresia,0,0
troll-champion-the-charlie-zelenoff-story,0,0
truth-and-lies-the-murder-of-laci-peterson,0,0
luxor-2020,7.4,6
gordon-lightfoot-if-you-could-read-my-mind,6.6,12
odyssey-in-rome,0,0
the-case-for-christmas,5.3,21
no-more-babies,0,0
hollywoods-war-on-god,5,4
forget-me-not-2011,5.7,21
girl-in-3d,1.5,2
moebius-redux-a-life-in-pictures,5.8,5
wild-bill-hickok-swift-justice,7,2
thomas-friends-creaky-cranky-2010,7.5,4
angel-caido-sephyro-canto-segundo,5.5,12
dying-of-the-light,4.7,244
no-eres-tu-soy-yo,7.2,136
one-piece-giant-mecha-soldier-of-karakuri-castle,7.1,102
trainwreck,5.8,2213
make-the-yuletide-gay,6.5,60
the-last-campaign-of-governor-booth-gardner,6.5,2
theo-von-no-offense,6.4,20
check-it-out-yo,4.5,2
true-story,6.3,1559
fake-fiction,4,1
electric-edwardians-the-films-of-mitchell-and-kenyon,0,0
grey-lady,4.6,19
the-torment-of-laurie-ann-cullom,0,0
thicker-than-water-2019,5.3,29
another-gay-sequel-gays-gone-wild,5.9,93
then-and-now,0,0
hit-the-lights-the-making-of-metallica-through-the-never,10,1
tour-de-pharmacy,6.7,143
the-long-ride-home,6,1
hulk-vs-thor,6.7,164
gang-girls,0,0
coming-soon-2006,0,0
the-ones-below,5.9,282
the-movie-out-here,4.8,4
capps-crossing,4.6,7
gorillaz-making-of-plastic-beach,0,0
zombie-resurrection,4.8,12
monster-bash-origins,7,1
96-minutes,5.8,60
film:657166,0,0
i-spit-on-your-grave-deja-vu,2.8,57
beast-mode,6.7,15
candy-floss,0,0
the-idol-dancer,5.3,3
blood-monkey,4.8,52
buzzard,5.5,41
the-mayor,5.3,3
the-referee-2013,6.4,63
haunted-changi,5.2,11
the-way-out-is-the-way-two,0,0
together-is-too-much,4.6,17
hope-and-a-little-sugar,0,0
eye-of-the-hurricane,6,2
i-blame-society,6.8,9
the-prize-2011,6.2,16
welcome-to-pine-hill,6.1,8
a-fish,8,1
such-hawks-such-hounds,7.4,6
surviving-cliffside,0,0
btk-killer,4,10
2nd-chance-for-christmas,7.1,7
the-prize-winner-of-defiance-ohio,6.9,57
eddie-the-sleepwalking-cannibal,6.1,43
we-must-remain-the-wildhearted-outsiders,4.5,4
feed-2017,7.1,191
the-sessions,7,417
foxfur,5.8,4
brewmaster,5.8,4
dane-cook-troublemaker,7,4
mickeys-winter-wonderland,4.9,13
tales-of-mild-interest,0,0
the-girl-from-the-south,6.6,10
chernobyl-30-years-on-nuclear-heritage,6.3,6
monster-mutt,5.7,3
the-last-seven,3.6,20
guess-whos-coming-to-christmas-2013,5.8,6
man-dancin,2,1
boy-a,7.2,335
notes-from-melanie,5.6,14
olmo-and-the-seagull,7.4,16
dard-divorce,4,13
the-hero-of-color-city,5.7,20
evil-bong-777,4.8,13
the-big-bust-theory,5.4,4
emotional-fusebox,5.4,5
generation-iron-4,0,0
war-wolves,3.3,13
hide-and-never-seek,6.3,4
the-concubine,6.2,57
david-and-goliath-2015,5.7,38
the-sabbatical,6.3,3
13-graves-2019,5.2,10
football-under-cover,6.3,3
barn-red,3.5,2
asteroid-final-impact,6.5,32
carjacked,5.3,75
the-three-burials-of-melquiades-estrada,7.1,442
cool-cat-kids-superhero,1,2
you-bet-your-life,5.3,3
straight-boys,6.2,3
the-romance,4.5,2
body-temperature,7,1
hit-by-lightning,4.8,28
new-wave-a-hollywood,0,0
nick-and-norahs-infinite-playlist,6.4,969
born-in-syria,7.1,15
the-last-hit-2013,8,1
mi-querida-espana,7,1
maid-of-honor-2006,6.5,4
notes-on-an-appearance,6.3,4
how-to-get-rid-of-a-body-and-still-be-friends,5,1
half-of-a-yellow-sun,4.8,18
brave-story,6.2,52
the-huntsman-winters-war,6.3,4030
andrew-dice-clay-presents-the-blue-show,5,1
bokura-wa-aruku-tada-soredake,6,1
theatre-of-fear,3.9,7
car-seat-headrest-kexp-sessions,0,0
the-first-film-of-palestine,10,1
hope-springs-eternal,5.8,39
2nd-take,6.5,4
cool-cat-finds-a-gun,3.3,4
gone-with-the-pope,5.5,11
the-marine-5-battleground,6.6,118
the-nightmare-isnt-over-the-making-of-halloween-ii,0,0
a-childs-garden-of-poetry,4,1
the-quarantine-hauntings,3.2,9
bob-saget-thats-what-im-talking-about,6,8
nickelodeons-ho-ho-holiday-special,7.7,12
first-we-take-brooklyn,4.6,23
tawai-a-voice-from-the-forest,6.4,5
trojan-war-2015,8.7,3
the-mermaid-and-the-diver,3,2
mahou-sentai-magiranger-the-movie-bride-of-infershia,5.6,4
woes-of-a-lotus,0,0
whole-2019,0,0
the-debt-2015,5.8,22
wz,5.5,127
blackballed-the-bobby-dukes-story,5.8,10
film-geek,5.5,19
when-youre-strange,7.4,132
make-it-soul,7.2,9
the-dirty-kind,0,0
coffin-rock,5.6,21
bong-of-the-living-dead,3.3,3
dl-hughley-unapologetic,8,1
online-crush,5.5,2
made-in-bangkok,6.3,3
das-wunder-von-bern-die-wahre-geschichte,8,1
never-be-done-the-richard-glen-lett-story,6,1
triage,6.2,115
bottom-of-the-world,5.2,91
gods-behind-mountains,0,0
bad-country,5.6,139
noras-hair-salon,8.7,3
the-tremor,0,0
cesars-last-fast,7,1
due-date,6.3,4368
funny-pets-2,0,0
miss-maria-skirting-the-mountain,6,1
chunin-exam-on-fire-and-naruto-vs-konohamaru,7.5,19
time-warp-the-greatest-cult-films-of-all-time-vol-1-midnight-madness,7.5,2
white-night,6.3,28
cherry-tomato,0,0
the-dark-hour,5.8,36
terror-trap,5,42
i-hope-they-serve-beer-in-hell,5,56
90210-shark-attack,3.8,26
onmyoji-the-yin-yang-master-ii,5,10
never-cry-werewolf,5.6,69
arthurs-missing-pal,6,4
weirdo-2014,0,0
the-third-alarm,0,0
milton-jones-lion-whisperer,0,0
the-exercise-of-chaos,7.9,9
highway-2012,4,4
call-me-the-rise-and-fall-of-heidi-fleiss,4.6,8
uprooted-the-journey-of-jazz-dance,0,0
a-florida-enchantment,4.8,8
bottled-up,5.4,8
the-magic-of-hope,0,0
the-bill-murray-experience,0,0
the-color-out-of-space-2014,3.7,3
barbie-and-the-magic-of-pegasus-3-d,7,517
fata-morgana-2013,5,3
wilhelm-reich-in-hell,0,0
wognum,9,2
white-riot,6.8,13
thin,7.1,12
hikikomori-tokyo-plastic,0,0
toil-and-trouble-making-macbeth,5,1
the-hoaxing,0,0
fredi,6.5,31
man-about-town,5.3,99
the-battered-bastards-of-baseball,7.6,68
nothing-but-the-blood,1,1
the-hounds,4,5
the-forgiven,6.1,60
hablar,6.4,13
going-shopping,4.5,2
the-hoodlum-1919,5.7,10
hajimari-mo-owari-mo-nai,0,0
xx-where-your-heart-should-be,3.2,3
aura-koga-maryuins-last-war,5.3,17
blood-will-tell-2019,6.2,21
the-shape-of-things,6.2,95
we-were-wolves,6.3,3
panman-rhythm-of-the-palms,0,0
ghostlight,10,2
from-kansas-city-to-hollywood,6,1
gotham-uncovered-creation-of-a-scene,6.6,7
the-tigers-coat,5.1,4
open-road,5.2,29
olympic-pride-american-prejudice,6.3,4
the-archies-in-jugman,6.6,4
the-hunt-2016,6.5,4
mack-wrestles,0,0
encounters-at-the-end-of-the-world,7.4,197
what-do-men-want,0,0
as-i-lay-dying-this-is-who-we-are,8,1
female-prisoner-sigma,3.3,3
the-host-2013,6.3,3474
the-murder-of-sadie-hartley,0,0
muse-live-at-shepherds-bush-empire-war-child,0,0
i-am-street-fighter,5.4,5
my-week-with-marilyn,6.7,1028
once-upon-a-time-my-uncle,0,0
hallowed-be-thy-name,4,2
swearnet-the-movie,5.4,31
the-dawn-2020,6.8,34
where-do-we-go-from-here-2015,6,2
boy-missing,6.4,207
luckystar-original-na-visual-to-animation,7,2
four-years-of-night,0,0
the-weak-ones,5.5,4
the-raconteurs-live-at-electric-lady,0,0
thor,6.8,17273
trolls-holiday,6.7,384
the-in-laws-2003,5.7,201
concert-for-george,8.4,47
construcciones,0,0
the-mills-of-the-gods,0,0
xmas-without-china,6,1
baseball-the-tenth-inning,7.8,5
bula-quo,2.6,7
foster,6.8,88
the-search-for-weng-weng,6,6
flight-of-the-butterflies,6.3,16
blood-road,5.3,9
chlorophyl,2,3
the-genesis-code,3,4
feeder,5,2
i-just-wanna-hug-you,7.1,17
bakunyu-sentai-pai-ranger,4,1
the-road-to-edmond,4,1
under-new-management,4,1
half-magic,5.7,30
the-last-station,6.4,149
hearty-paws,7.5,6
the-czar-of-black-hollywood,0,0
hitler-of-the-andes,0,0
cinderellas-hot-night,6,59
missed-the-calling,0,0
the-17s,0,0
too-young-to-die-2016,6.1,11
the-phoenix-incident,5.2,43
coffee-town,6.7,75
the-bomb-2015,6.6,10
marjorie-prime,6.1,140
e-60-pictures-presents-wwe-behind-the-curtain,0,0
the-listening-project,5.5,2
egg-2005,7.8,8
fright-night-2-new-blood,4.9,197
the-uncomfortable-truth,0,0
the-grey-automobile,6.4,9
foodfight,1.8,93
the-execution-of-gary-glitter,6,4
the-nowhere-inn,5.8,4
gary-owen-i-agree-with-myself,1,1
twink,5.3,4
dawn-2014,6.8,5
baby-driver,7.5,12509
the-fan-connection,0,0
500-years,7.3,4
the-bit-player,7.2,6
chita-rivera-a-lot-of-livin-to-do,0,0
to-russia-with-love,5.7,9
various-artists,0,0
toru,3.5,2
a-e-when-patients-attack,7,1
the-nanny-express,5.7,37
genius-party-beyond,6.1,32
great-great-great,5,2
nick-di-paolo-a-breath-of-fresh-air,5,1
bright-ones,0,0
the-age-of-blood,6.2,16
mysterious-girlfriend-x-a-mysterious-summer-festival,0,0
film:282089,6,320
the-legacy-of-the-bones,6.7,304
thrill-hill-vault-1976-1978-bruce-springsteen-the-e-street-band,0,0
henry-2013,8,1
terror-at-the-mall,7.4,8
hard-sell,5.8,33
the-goblin-man-of-norway,5,2
mrs-washington-goes-to-smith,4,2
happy-helladays,0,0
falco-falco-symphonic,5.2,3
where-lights-are-low,5,1
frozen-stars,3,3
the-wish-list,6.7,12
maynard,5.8,4
game-night,6.8,4570
the-cat-in-the-hat-told-from-the-cold,8,1
barbie-in-a-mermaid-tale,7.2,544
stuber,6.8,965
the-bling-ring,5.4,2661
the-marina-experiment,5,1
blame-2003,4.7,10
trash-dance,5.9,6
the-armstrong-lie,7,85
the-informant,4,1
the-door-in-the-woods,7.7,5
architects-engineers-solving-the-mystery-of-wtc-7,8,2
target-number-one,6.5,81
4-44-last-day-on-earth,4.7,108
vulture,0,0
yesterday-last-year,0,0
mommy-dead-and-dearest,7.5,181
epoch-evolution,4.7,7
symbiosis,0,0
the-marshes,3.3,4
camellia-project,5.3,4
at-sea,7.1,15
michael-schenker-fest-live-in-tokyo,8,1
tekken-blood-vengeance,6.9,163
bodkin-ras,3.5,4
memory-lane,4.3,19
fanatic,4.6,19
black-lights,0,0
green-collar-comedy-show,0,0
numb,6,68
greed-2019,5.6,62
commanding-cue,0,0
children-of-sorrow,5,21
oopiri,7.1,29
full-contact-2015,4.9,10
to-kid-or-not-to-kid,0,0
the-narrow-trail,0,0
exposed-2013,4.8,5
city-of-trees-2019,5.8,12
brunch-shift-massacre,10,1
uks-scariest-debt-collector,0,0
blood-brother,7,22
carrie-underwood-the-blown-away-tour-live,10,2
chicharon,0,0
tshweesh,5,1
ghosts-of-sugar-land,5.9,34
not-another-not-another-movie,3.4,18
unhittable-sidd-finch-and-the-tibetan-fastball,0,0
frazier-park-recut,5.3,4
supermodel,3.5,4
the-fever,5,10
wild-life,5.5,16
the-wild-and-wonderful-whites-of-west-virginia,6.8,51
super-able,0,0
ten-dead-men,4.3,8
neshoba,8,1
nick-di-paolo-another-senseless-killing,0,0
traces-of-love,6.4,5
the-intrigue,0,0
the-roots-of-monty-python,0,0
terry-pratchett-back-in-black,7.7,3
not-such-a-bad-guy-conversations-with-dabney-coleman,0,0
there-is-a-happy-land-further-awaay,5,1
the-stressful-adventures-of-boxhead-roundhead,8,2
murder-made-easy,4,1
boppin-at-the-glue-factory,7,1
tortured,5.5,37
obit,6.4,14
the-princess-and-the-pilot,8.2,76
vgl-hung,5.1,11
bletchley-park-code-breakings-forgotten-genius,6.5,2
collingwood-from-the-inside-out,1,1
neckan,7.4,5
from-rocky-to-creed-the-legacy-continues,6.8,11
dragonfly-2014,0,0
the-darkness-2016,4.8,505
the-ghouls,3.4,7
dreamer,3,2
the-royal-wedding-live-with-cord-and-tish,5.6,7
the-world-to-come,7.2,157
the-ark-2015,6.3,9
eloise-at-christmastime,6.6,49
tad-busted-circuits-and-ringing-ears,0,0
the-story-of-husbands-a-tribute-to-john-cassavetes,0,0
the-mule-2018,6.8,3823
monster-madness-the-golden-age-of-the-horror-film,8,2
the-locksmith,4.8,6
muse-simulation-theory,7.9,51
ways-of-the-sea,0,0
mobile-suit-gundam-thunderbolt-december-sky,7.4,9
the-addicted,2,2
stratosphere-girl,5.6,17
the-falkirk-cowboys,0,0
trick-2019,5.8,80
the-confabulators,0,0
dark-feed,4.5,30
bohemian-rhapsody,8,13848
national-treasure,6.6,4985
her-name-is-carla,6,1
zatoichi-the-last,5.2,10
bring-me-the-head-of-tim-horton,5,3
housequake,0,0
fathers-day-2019-1,9,1
california-typewriter,7,27
the-loving-story,7,18
tuberculo-gourmet,7.5,3
escape-to-black-tree-forest,0,0
swallowed,5,1
grand-champion,6.3,12
guerrilla-the-taking-of-patty-hearst,7,5
urge,4.3,179
ximbi-xombix,7,2
the-lodge,5.6,24
final-examination,3.7,10
3-days,0,0
touch-2014,4,1
hate-crime-2017,0,0
david-choe-high-risk,0,0
the-bravery-of-dora,0,0
hooligan-sparrow,7.4,8
go-down-death-2013,5.4,4
the-tulse-luper-suitcases-part-3-from-sark-to-the-finish,6.3,6
chelsea-on-the-rocks,6.4,7
the-illinois-parables,6.3,4
the-calm-beyond,6,1
take-off,6.1,15
hours-of-light,5.4,11
moonlight-serenade,5.1,14
tower-heist,6,2305
oh-love,0,0
the-river-of-my-dreams,0,0
cairo-jazzman,5,1
the-duke-of-burgundy,6.4,236
happening-a-clean-energy-revolution,6.5,4
dangerous-days,5,2
ice-girls-2016,6.5,23
the-land-has-eyes,5.7,6
birth-story-ina-may-gaskin-and-the-farm-midwives,0,0
cemetery-gates,3.8,14
storks,6.6,1876
gachi-boy-wrestling-with-a-memory,7,4
hollywood-musical,0,0
the-perfect-wedding,6.9,12
aurora-teagarden-mysteries-a-very-foul-play,7.6,38
the-last-film-festival,3.8,8
4th-period-mystery,6.6,15
tusk-2014,5.4,952
the-making-and-unmaking-of-the-earth,10,1
dream-theater-score-20th-anniversary-world-tour-live-with-the-octavarium-orchestra,7.6,7
how-to-fall-in-love,5.9,57
the-windmill-massacre,5.1,104
hanson-strong-enough-to-break,0,0
stranger-fruit,6.3,8
garage-sale-mystery-murder-most-medieval,5.9,23
hibi-rock,0,0
dawg-fight,6.5,40
carlos-jauregui-the-unforgettable-fag,0,0
nao-nasci-para-deixar-meus-olhos-perderem-tempo,0,0
the-kennedy-mystique-creating-camelot,0,0
casi-leyendas,6.1,24
cherry-crush,5.4,17
the-era-of-vampires,4.4,22
weepah-way-for-now,5.1,8
ghilli,6.7,46
whatever-love-means,6,1
girls-kissing,0,0
gretchen,7,1
memoirs-of-a-teenage-amnesiac,5.7,12
the-wind-rises,7.8,2093
europe-in-8-bits,5.6,11
north-americas-national-parks,6.5,2
the-silent-lay-steady,6.3,3
carrie-2013,6,3698
time,7,146
terry-pratchett-choosing-to-die,7.7,10
crossbow,6.5,11
eric-claptons-crossroads-guitar-festival-2004,6,2
lunarcy,5.6,5
sueno,4.8,6
gravity-2013,7.2,12815
tom-sawyer-huckleberry-finn,5.4,23
house-of-manson,5.4,13
ice-blues,5.5,17
lovers-in-a-dangerous-time,0,0
when-knights-were-cold,6,1
the-struggle-1913,5,2
the-real-four-jills,0,0
grassroots,4.9,11
flower,5.8,4
tides-2017,7,1
the-mill-at-calders-end,5,1
universal-soldiers,3.8,18
bad-hair-2020,5.5,11
ouija-house,5.5,74
t-rex-2014,0,0
another-story-of-love,5.8,11
suburban-girl,5.7,113
strong-island,6.3,73
film:480581,6.2,23
the-king,6.5,43
blood-rain,7.1,28
two-shots-fired,6.3,9
babel-2008,3,3
yin-yang-insane,0,0
memories-of-murder,8.1,2429
girls-guns-and-blood,5,3
grand-piano,6,399
ice-age-collision-course,6,3547
papa-hemingway-in-cuba,5.9,17
crack-2017-1,0,0
black-field,5.8,5
the-life-of-guskou-budori,6.8,11
dust-2012-1,0,0
golden-years-2016,6.4,27
melvin,6,1
7aum-arivu,6.6,40
orange-mittai,5.7,13
my-house-in-umbria,6.3,23
get-low,6.7,209
automata-2014,5.8,1327
barely-legal,3.8,40