movie_id,rating_val,user_id
comet,5,ianamurray
comet,7,childrenofmen
comet,9,nycsubwayrat
comet,7,alexlawther
comet,5,punchdrunklizzy
comet,1,yazzjames
comet,7,oliviawildehawt
comet,5,ellefnning
comet,6,willhunting
comet,8,avadavis
comet,6,bethanywilson
comet,8,amandaayoung
comet,10,reygf
comet,7,niceguys
comet,5,jaimerebanal
comet,5,feedingbrett
comet,4,willas
comet,7,mariamicia13
comet,7,briantt
comet,7,juliendonkeyboi
comet,6,apocalypsenow
comet,7,ucrazyutaraptor
comet,1,silentjoe13
comet,7,eely
comet,6,lebrown
comet,9,haybatman
comet,9,milez
comet,2,ryangosling
comet,7,hollieamanda
comet,6,flaska11
comet,6,letmeexplain
comet,8,hauteprincesses
comet,7,coffeevirus
comet,9,thejacko
comet,6,ashmatxx
comet,8,moviemaestro
comet,6,gdw
comet,6,agastak
comet,8,buttcrack313
comet,7,cogerson
comet,8,balanders
comet,6,ianjonas
comet,6,soundturnedlow
comet,9,sofiaboutellas
comet,5,anhonestmess
comet,7,jakeperalta
comet,9,robertdavid
comet,8,bartonfinked
comet,4,realdaveimboden
comet,8,annakendrick
comet,5,isajjar
comet,8,alderwar
comet,5,gainsbourg
comet,5,mikeyb98
comet,5,thecomedian
comet,7,collin_clark
comet,8,paradoxdl
comet,5,willmoviefan97
comet,8,buttnugget
comet,7,mxddie_b
comet,7,steph_h
comet,8,tburnham
comet,2,cuqui
comet,6,madrose6
comet,3,scottrenshaw
comet,8,cinefeelya
comet,4,buffedfilmbuff
comet,7,rti03
comet,9,thatmoviefreak
comfort-stations,7,amateurdoubles
coming-going,6,moviemaestro
coming-to-america-jan-troell-on-the-emigrants-and-the-new-land,6,ladyspiggott
coming-with-my-brother,8,peepinstead
command-and-control,7,russman
command-and-control,6,jbouie
command-and-control,8,alexroy656
command-and-control,7,bobhoveyga
command-and-control,5,rickd
command-and-control,8,jennaipcar
command-and-control,7,wampeter57
command-and-control,9,kenru
commando-ninja,1,ucrazyutaraptor
commando-ninja,6,mook
commando-ninja,8,frankenlotter
common-carrier,6,msicism
common-carrier,5,calum_marsh
common-carrier,6,vrizov
common-ground-2019,8,maxthemoviegirl
communicating-vessels,7,vrizov
community,4,smogo
community,2,hail_freyr
community,3,musicbymilo
community,3,ji_doctor
company-2011,9,theendofcinema
company-2011,9,phrynefisher
company-2011,7,londono
company-2011,7,madihatesfilm
company-2011,9,lesaladino
company-2011,8,faretheewell
company-2011,9,suspiriorvm
company-2011,8,themyrka
company-2011,7,moviemaxwell
company-line,6,gdw
complicity-2018,7,zombaid
complicity-2018,7,wampeter57
compline,9,filipe_furtado
compline,8,murdermystery
compline,6,feuilladist
compline,7,vrizov
compound-fracture,6,stevenmillan
compound-fracture,6,dustin_b
compulsion-2016,2,alovelynite
compulsion-2016,6,letmeexplain
compulsion-2016,4,gonegirls
compulsion-2016,5,salinui
compulsion-2016,2,fookthis
con-amor,6,axelhagne
concerned-student-1950,7,aaronh
concerning-1000,4,loureviews
concert-for-george,8,willhunting
concrete-clouds,5,davidehrlich
concrete-clouds,7,peepinstead
concrete-cowboy,5,davidlsims
concrete-cowboy,4,jakepcole
concrete-cowboy,5,briantt
concrete-cowboy,7,jrwhite
concrete-cowboy,6,impressionblend
concrete-cowboy,6,lise
concrete-cowboy,7,cevangelista413
concrete-cowboy,6,ellakemp
concrete-cowboy,5,connorcarey
concrete-cowboy,6,seanfennessey
concrete-cowboy,7,jupinwhm
concrete-cowboy,6,realhenryb
concrete-cowboy,8,firstshowing
concrete-cowboy,4,finchet
concrete-cowboy,6,gubarenko
concrete-forms-of-resistance,6,chicofireman
concussion,7,catelyn
concussion,4,briantt
concussion,5,buttcrack313
concussion,9,symonymm
concussion,8,jehorowitz
concussion,6,amyja89
concussion,5,keithlaf
concussion,8,riotglasses
concussion,6,immortan_scott
concussion,7,scottrenshaw
concussion,5,ji_doctor
concussion,2,clairacurtis
concussion,7,baronronan
concussion,5,rti03
condemned-2015,2,buttcrack313
condemned-2015,4,filmfreek25
condemned-2015,6,rickd
condolences,8,peepinstead
confession-2014,6,kun
confession-2014,7,msicism
confession-2014,7,peepinstead
confession-of-murder,4,kun
confession-of-murder,6,cinemaclown
confession-of-murder,7,todd_gaines
confession-of-murder,8,lastcooldude
confession-of-murder,4,milez
confession-of-murder,7,leschroeck
confession-of-murder,6,axelhagne
confession-of-murder,6,itsnacool
confession-of-murder,9,bilboballin
confession-of-murder,6,lifeasfiction
confession-of-murder,8,jewbo23
confession-of-murder,5,tobe_whooper
confession-of-murder,8,peepinstead
confession-of-murder,8,frankenlotter
confession-of-murder,7,mrjago
confession-of-murder,7,invincibleasia
confessions-of-a-shopaholic,4,deathproof
confessions-of-a-shopaholic,8,silentdawn
confessions-of-a-shopaholic,6,juggernaut323
confessions-of-a-shopaholic,6,childrenofmen
confessions-of-a-shopaholic,5,iaiaiand
confessions-of-a-shopaholic,7,tarantulini
confessions-of-a-shopaholic,3,andredenervaux
confessions-of-a-shopaholic,4,sopheyquinn
confessions-of-a-shopaholic,6,davidfinchher
confessions-of-a-shopaholic,2,hammerbros94
confessions-of-a-shopaholic,8,arkhamoutlaw10
confessions-of-a-shopaholic,10,alovelynite
confessions-of-a-shopaholic,7,bluevelvets
confessions-of-a-shopaholic,2,yazzjames
confessions-of-a-shopaholic,2,oliviawildehawt
confessions-of-a-shopaholic,6,ellefnning
confessions-of-a-shopaholic,4,phrynefisher
confessions-of-a-shopaholic,6,bethanywilson
confessions-of-a-shopaholic,7,hewasthrfriendd
confessions-of-a-shopaholic,5,mariamicia13
confessions-of-a-shopaholic,5,sophiaplanos
confessions-of-a-shopaholic,6,mulaney
confessions-of-a-shopaholic,5,adashelby
confessions-of-a-shopaholic,5,impressionblend
confessions-of-a-shopaholic,6,eely
confessions-of-a-shopaholic,1,cinebro
confessions-of-a-shopaholic,8,jacksonmaines
confessions-of-a-shopaholic,9,filmgraphy
confessions-of-a-shopaholic,6,jurassicstark
confessions-of-a-shopaholic,7,sonnywortzik
confessions-of-a-shopaholic,6,itssofyann
confessions-of-a-shopaholic,6,cathyk
confessions-of-a-shopaholic,6,ellakemp
confessions-of-a-shopaholic,6,caityperrie
confessions-of-a-shopaholic,3,colinandrews
confessions-of-a-shopaholic,4,gonegirls
confessions-of-a-shopaholic,6,hauteprincesses
confessions-of-a-shopaholic,2,ashmatxx
confessions-of-a-shopaholic,6,nickmcc2
confessions-of-a-shopaholic,7,finnpoe
confessions-of-a-shopaholic,3,rsolsjo
confessions-of-a-shopaholic,6,thelastsith
confessions-of-a-shopaholic,6,filmsbi
confessions-of-a-shopaholic,5,symonymm
confessions-of-a-shopaholic,7,samimcknnn
confessions-of-a-shopaholic,4,lesaladino
confessions-of-a-shopaholic,4,tobiasandersen2
confessions-of-a-shopaholic,4,ianjonas
confessions-of-a-shopaholic,2,mattybsaps
confessions-of-a-shopaholic,4,advokate
confessions-of-a-shopaholic,7,sofiaboutellas
confessions-of-a-shopaholic,6,jakeperalta
confessions-of-a-shopaholic,7,theslayerbuffy
confessions-of-a-shopaholic,4,faretheewell
confessions-of-a-shopaholic,7,adrianam
confessions-of-a-shopaholic,5,belledejour
confessions-of-a-shopaholic,6,estebueno
confessions-of-a-shopaholic,6,suspiriorvm
confessions-of-a-shopaholic,6,voicelikehoney
confessions-of-a-shopaholic,7,rosamundpike
confessions-of-a-shopaholic,5,ashonfilm
confessions-of-a-shopaholic,3,ajblack
confessions-of-a-shopaholic,5,colinfirths
confessions-of-a-shopaholic,6,marooncrimson
confessions-of-a-shopaholic,5,voidember
confessions-of-a-shopaholic,1,emforce
confessions-of-a-shopaholic,1,nopersonality
confessions-of-a-shopaholic,5,visionsofgideon
confessions-of-a-shopaholic,8,mnabeel
confessions-of-a-shopaholic,3,itsnacool
confessions-of-a-shopaholic,8,axxstin
confessions-of-a-shopaholic,2,riotglasses
confessions-of-a-shopaholic,5,lgarcia
confessions-of-a-shopaholic,9,ginnyweasley
confessions-of-a-shopaholic,7,mxddie_b
confessions-of-a-shopaholic,4,alan1
confessions-of-a-shopaholic,4,teamedward
confessions-of-a-shopaholic,4,immortan_scott
confessions-of-a-shopaholic,5,madrose6
confessions-of-a-shopaholic,2,ezracubero
confessions-of-a-shopaholic,4,bittercherry
confessions-of-an-alien-abductee,1,ridleysthot
confetti,2,davidlsims
confetti,4,ddarko42
confetti,4,man_out_of_time
confetti,4,silentjoe13
confetti,2,eely
confetti,5,cosmobrown
confined,2,ji_doctor
confirmation,5,colonelmortimer
confirmation,6,davidlsims
confirmation,8,johntyler
confirmation,4,theendofcinema
confirmation,4,subsahaaron
confirmation,5,briantt
confirmation,7,jurassicstark
confirmation,6,tasharobinson
confirmation,8,sonnywortzik
confirmation,5,kevinyang
confirmation,7,lesaladino
confirmation,8,milo123
confirmation,5,dragonknight
confirmation,5,jupinwhm
confirmation,6,keithlaf
confirmation,7,paradoxdl
confirmation,8,cinefeelya
confirmation,6,wampeter57
confronting-holocaust-denial-with-david-baddiel,10,matt_thomas10
conjoined,3,rickd
conjuring-curse,1,dustin_b
conjuring-the-devil,4,dustin_b
connie-and-carla,4,fuchsiadyke
connie-and-carla,5,bluevelvets
connie-and-carla,3,cherprayers
connie-and-carla,7,soundturnedlow
conor-mcgregor-notorious,8,cinemaclown
conor-mcgregor-notorious,6,gonegirls
conor-mcgregor-notorious,5,hstrawberry
conor-mcgregor-notorious,6,enteredthevoid
conor-mcgregor-notorious,7,alexroy656
conor-mcgregor-notorious,6,badsmile
conor-mcgregor-notorious,7,notnatportman
console-wars,6,allisoncm
console-wars,4,punq
console-wars,4,scotttobias
console-wars,7,davechen
console-wars,6,flaska11
console-wars,8,letmeexplain
console-wars,4,v9733xa
console-wars,6,alexroy656
console-wars,7,cathalbyron
console-wars,7,jewbo23
console-wars,4,ruth
consuming-passion,5,davidfinchher
containment-2015,7,shawn_stubbs
containment-2015,3,jewbo23
containment-2015,4,danboyle86
containment-2015,5,fakerobhunter
contamination-2013,7,theblogosfear
contemporary-color,8,davidehrlich
contemporary-color,9,briantt
contemporary-color,7,lebrown
contemporary-color,7,hooded_justice
contemporary-color,7,the_narrator
contemporary-color,10,jay_c
contemporary-color,7,gubarenko
contour-2011,8,amateurdoubles
contra-el-tiempo,7,jsancheznavarro
contracted,3,ingridgoeswest
contracted,2,bethanywilson
contracted,4,theblogosfear
contracted,4,blackphillips
contracted,6,colinandrews
contracted,6,thejoelynch
contracted,5,rsolsjo
contracted,3,tenzinsia
contracted,2,murdermystery
contracted,1,voicelikehoney
contracted,3,hail_freyr
contracted,2,gainsbourg
contracted,6,alexroy656
contracted,6,fookthis
contracted,5,monocle
contracted,5,brakywaki
contracted,7,jhillman
contracted,7,zombaid
contracted,5,notnatportman
contracted,8,kevin_matthews
contracted,4,brandonh
contracted,4,markella
contracted,3,olevar
contracted,4,jewbo23
contracted,7,senswinthecup
contracted,7,ji_doctor
contracted,7,cosmobrown
contracted,7,badeboom
contracted,4,baronronan
contracted,3,izzio
contracted,6,jamesbong
control-2017-1,5,settingsun
control-2017-1,7,peepinstead
control-tower,6,yijian
control-tower,6,buttnugget
control-tower,7,mrjago
convenience,6,mook
convention,9,jay_c
conviction-murder-in-suburbia,6,man_out_of_time
cooked-survival-by-zip-code,7,v9733xa
cool-cat-finds-a-gun,1,blockbustedpod
cool-cat-finds-a-gun,3,luca2020
cool-cat-finds-a-gun,2,elnapalmo
cool-cat-finds-a-gun,1,evilbjork
cool-cat-finds-a-gun,4,dustin_b
cool-cat-in-the-hollywood-parade,1,haydenwelch
cool-cat-saves-the-kids,1,cantinaband
cool-cat-saves-the-kids,8,ihe
cool-cat-saves-the-kids,1,blockbustedpod
cool-cat-saves-the-kids,3,uncutgems
cool-cat-saves-the-kids,2,arkhamoutlaw10
cool-cat-saves-the-kids,1,bluevelvets
cool-cat-saves-the-kids,1,brendanmichaels
cool-cat-saves-the-kids,1,colinandrews
cool-cat-saves-the-kids,2,coffeevirus
cool-cat-saves-the-kids,2,haydenwelch
cool-cat-saves-the-kids,2,cobrarocky
cool-cat-saves-the-kids,2,mattybsaps
cool-cat-saves-the-kids,10,advokate
cool-cat-saves-the-kids,1,jeremy_crabb
cool-cat-saves-the-kids,6,theccritic
cool-cat-saves-the-kids,8,keeganeatspie
cool-cat-saves-the-kids,1,ultamatefanboy1
cool-cat-saves-the-kids,4,luca2020
cool-cat-saves-the-kids,2,halliejhalliday
cool-cat-saves-the-kids,10,lordbaelish643
cool-cat-saves-the-kids,1,evilbjork
cool-cat-saves-the-kids,5,dustin_b
cool-cat-saves-the-kids,1,brandonh
cool-cat-saves-the-kids,4,markella
cool-guys,8,ultimateparker
cool-guys,9,phantasmes
cool-guys,8,therealmattc
cool-guys,6,hooded_justice
cool-young,7,peepinstead
cooper-and-hemingway-the-true-gen,8,eely
coorow-latham-road,6,andredenervaux
coorow-latham-road,7,labuzamovies
coorow-latham-road,6,msicism
cop-and-a-half-new-recruit,6,maskull
cop-and-a-half-new-recruit,5,filmfreek25
cop-and-a-half-new-recruit,5,yckmd_
cop-and-a-half-new-recruit,5,cosmobrown
cop-car,6,silentdawn
cop-car,8,superpulse
cop-car,4,thejoshl
cop-car,7,dirkh
cop-car,7,ianamurray
cop-car,5,juggernaut323
cop-car,6,gemko
cop-car,7,russman
cop-car,5,davidlsims
cop-car,6,mr_dulac
cop-car,6,sonofjorel
cop-car,6,zoltarak
cop-car,7,hammerbros94
cop-car,5,punchdrunklizzy
cop-car,4,arkhamoutlaw10
cop-car,8,siegel
cop-car,5,chavrosbaby
cop-car,4,jacobknight
cop-car,4,theblogosfear
cop-car,4,briantt
cop-car,6,juliendonkeyboi
cop-car,5,man_out_of_time
cop-car,7,grooveman
cop-car,4,carlogoesboom
cop-car,9,thatsantiagoguy
cop-car,7,ultimateparker
cop-car,7,haybatman
cop-car,6,scotttobias
cop-car,5,londono
cop-car,6,shanderson88
cop-car,5,patrickpryor
cop-car,7,cevangelista413
cop-car,6,worsethan
cop-car,2,ryangosling
cop-car,5,leschroeck
cop-car,6,blackphillips
cop-car,4,letmeexplain
cop-car,6,austin
cop-car,6,kernetcetera
cop-car,6,phantasmes
cop-car,6,yorel1976
cop-car,4,tuoto
cop-car,6,kingofgondor
cop-car,8,therealmattc
cop-car,4,farriercollins
cop-car,7,mortom
cop-car,4,buttcrack313
cop-car,7,cogerson
cop-car,6,capitao134
cop-car,7,justwannaboogie
cop-car,5,jawclick
cop-car,8,jason_alley
cop-car,8,milo123
cop-car,6,mattybsaps
cop-car,8,mook
cop-car,6,moviefan999
cop-car,7,jc13
cop-car,9,diegowaffles
cop-car,8,nathanrabin
cop-car,8,v9733xa
cop-car,7,realdaveimboden
cop-car,8,estebueno
cop-car,6,trey_northcutt
cop-car,8,rotch
cop-car,5,jeremy_crabb
cop-car,6,nickdenbow
cop-car,8,kiko
cop-car,6,zyopy
cop-car,7,dillamonster
cop-car,7,jbouie
cop-car,7,tarantinole
cop-car,6,champ83
cop-car,5,filmslikedreams
cop-car,4,marooncrimson
cop-car,7,salinui
cop-car,7,filmfreek25
cop-car,8,jupinwhm
cop-car,6,lohmi
cop-car,7,blainlamotta
cop-car,5,grabmymask
cop-car,6,collin_clark
cop-car,8,keithlaf
cop-car,6,kurdt
cop-car,7,jsancheznavarro
cop-car,8,brakywaki
cop-car,6,reviewsbybrooks
cop-car,8,jmfilms123
cop-car,6,jay_c
cop-car,6,lordbaelish643
cop-car,6,evilbjork
cop-car,7,brandonh
cop-car,6,ghostsmut
cop-car,6,vernonator6497
cop-car,7,jewbo23
cop-car,6,xarnis
cop-car,6,senswinthecup
cop-car,8,scottrenshaw
cop-car,6,domxrm
cop-car,8,iamthatroby
cop-car,7,peepinstead
cop-car,7,filmusicinemike
cop-car,7,cosmobrown
cop-car,7,babydriverreal
cop-car,6,tommysyk
cop-car,6,marktinta73
cop-car,5,rti03
cop-car,7,insessionfilm
cop-car,7,thatmoviefreak
cop-car,6,entlauber
cop-car,7,hotelearle
cop-car,7,thefincherking
cop-car,4,ziggystorstrand
cop-car,6,charliemorris
cop-out,2,silentdawn
cop-out,4,dirkh
cop-out,4,kun
cop-out,5,sonofjorel
cop-out,2,sharktale
cop-out,2,siegel
cop-out,4,ddarko42
cop-out,4,austinburke
cop-out,1,oliviawildehawt
cop-out,5,chavrosbaby
cop-out,2,juliendonkeyboi
cop-out,2,silentjoe13
cop-out,4,cinebro
cop-out,3,colintroy
cop-out,5,stautis
cop-out,2,colinandrews
cop-out,5,therealmattc
cop-out,2,cobrarocky
cop-out,3,ptabro
cop-out,4,ianjonas
cop-out,2,mattybsaps
cop-out,3,julps2
cop-out,5,jc13
cop-out,10,nathanrabin
cop-out,1,voicelikehoney
cop-out,5,kiko
cop-out,2,keeganeatspie
cop-out,2,zyopy
cop-out,1,ricomcpato
cop-out,7,clowchan
cop-out,7,rstrahs
cop-out,5,rexrobben
cop-out,5,etienneone
cop-out,6,hentaicop
cop-out,2,romankirby
cop-out,2,liamviii
cop-out,2,thecomedian
cop-out,5,monocle
cop-out,3,keithlaf
cop-out,3,willmoviefan97
cop-out,10,axxstin
cop-out,6,shawn_stubbs
cop-out,1,jmfilms123
cop-out,6,darrenfx
cop-out,3,riotglasses
cop-out,4,lordbaelish643
cop-out,4,slig001
cop-out,6,steph_h
cop-out,5,kevincormier
cop-out,4,bilboballin
cop-out,4,ezracubero
cop-out,4,onno
cop-out,2,tommysyk
cop-out,6,thatmoviefreak
cop-out,6,ziggystorstrand
copiii-the-1st-entry,3,tentaclatron
copiii-the-1st-entry,2,ji_doctor
copwatch,5,tasharobinson
copwatch,7,ahbr
copwatch,5,jupinwhm
copyright-criminals,6,hotdonkeybear
coral-reef-adventure,7,clowchan
coral-reef-adventure,6,morgendorffer
corbin-nash,4,johntyler
corbin-nash,6,ultimateparker
corbin-nash,3,letmeexplain
corbin-nash,1,coles84
corbin-nash,2,maskull
corbin-nash,3,filmfreek25
corbin-nash,5,cosmobrown
cord-2015,6,leschroeck
cord-2015,2,rickd
coriolanus,4,dirkh
coriolanus,6,lastcooldude
coriolanus,8,jaimerebanal
coriolanus,9,feedingbrett
coriolanus,8,silentjoe13
coriolanus,6,worsethan
coriolanus,5,hauteprincesses
coriolanus,6,ptabro
coriolanus,7,symonymm
coriolanus,6,v9733xa
coriolanus,7,mcp_daskino
coriolanus,8,edoardocan
coriolanus,8,caleb_yells
coriolanus,7,tburnham
coriolanus,8,maxthemoviegirl
coriolanus,7,xarnis
coriolanus,7,frankenlotter
coriolanus,5,charliemorris
cormans-world,7,pd187
cormans-world,8,carlogoesboom
cormans-world,8,smogo
cormans-world,8,kiko
cormans-world,10,nuno09
cormans-world,10,cduffy
cormans-world,8,rstrahs
cormans-world,5,patrickripoll
cormans-world,7,jay_c
cormans-world,10,olevar
cormans-world,8,yckmd_
corneille-brecht-ou-rome-lunique-objet-de-mon-ressentiment,10,bennash
corner-gas-the-movie,6,theccritic
corner-gas-the-movie,7,rstrahs
corner-gas-the-movie,6,hentaicop
corner-gas-the-movie,8,kpitman
cornered-2008,5,rickd
corona-zombies,8,tonyterror
corona-zombies,8,pd187
corona-zombies,6,ultimateparker
corona-zombies,2,smogo
corona-zombies,1,buttcrack313
corona-zombies,2,capitao134
corona-zombies,10,kaliofthedolls
corona-zombies,5,champ83
corona-zombies,4,stevenmillan
corona-zombies,4,amateurdoubles
corona-zombies,1,maxthemoviegirl
corona-zombies,7,dustin_b
corona-zombies,5,cosmobrown
corporate-accountability,6,chicofireman
corporate-accountability,6,feuilladist
corporate-fm,7,monocle
corporate-monster,7,matt_thomas10
corporate-monster,4,axelhagne
corporate-monster,7,jmfilms123
corporate-monster,8,peepinstead
corporate-monster,4,baronronan
cosa-bella,7,milez
cosmonaut-vladimir-komarov-the-soyuz-conspiracy,3,rickd
costa-rican-summer,3,axxstin
cottage-country,4,lastcooldude
cottage-country,7,smogo
cottage-country,5,fliptrotsky
cottage-country,4,kpitman
cottage-country,4,baronronan
cottonmouth-2015,6,maxthemoviegirl
cougar-hunting,5,moviemaestro
countdown-2016,3,silentjoe13
countdown-2016,4,ultimateparker
countdown-2016,4,filmfreek25
countdown-2016,3,mirishikiari
countdown-armageddon,3,frymanjayce
countdown-to-death-pablo-escobar,7,alexroy656
countdown-to-zero,6,kano
countdown-to-zero,7,rexrobben
countdown-to-zero,8,cjprobst83
counterpunch-2017,5,shanderson88
counterpunch-2017,6,waldo
counterpunch-2017,6,zyopy
counting,6,briantt
counting,5,tuoto
counting,9,kamilleroboter
country-of-my-skull,3,j_overstreet
country-strong,6,ddarko42
country-strong,4,michaelhaneke
country-strong,6,aboutlalalala
country-strong,2,cherprayers
country-strong,5,thelastsith
country-strong,5,taz
country-strong,6,soundturnedlow
country-strong,4,nickyd
country-strong,3,suspiriorvm
country-strong,8,maskull
country-strong,4,mikeyb98
country-strong,4,willmoviefan97
country-strong,8,ginnyweasley
countrycide,2,stevenmillan
countrycide,2,dustin_b
couples-retreat,2,deathproof
couples-retreat,3,superpulse
couples-retreat,1,dirkh
couples-retreat,2,cantinaband
couples-retreat,6,andredenervaux
couples-retreat,2,sharktale
couples-retreat,4,arkhamoutlaw10
couples-retreat,2,siegel
couples-retreat,4,austinburke
couples-retreat,7,chavrosbaby
couples-retreat,1,phrynefisher
couples-retreat,4,bethanywilson
couples-retreat,3,impressionblend
couples-retreat,4,mskiesha
couples-retreat,4,eely
couples-retreat,3,cinebro
couples-retreat,3,colintroy
couples-retreat,7,jacksonmaines
couples-retreat,5,ultimateparker
couples-retreat,3,shanderson88
couples-retreat,3,colinandrews
couples-retreat,3,gonegirls
couples-retreat,3,tectactoe
couples-retreat,4,perksofbeingnat
couples-retreat,2,ashmatxx
couples-retreat,5,rodstar
couples-retreat,1,vadekawa
couples-retreat,3,thelastsith
couples-retreat,5,symonymm
couples-retreat,2,samimcknnn
couples-retreat,4,theslayerbuffy
couples-retreat,2,gretgerwig
couples-retreat,4,v9733xa
couples-retreat,4,bartonfinked
couples-retreat,2,suspiriorvm
couples-retreat,2,krodgers101
couples-retreat,4,keeganeatspie
couples-retreat,4,ashonfilm
couples-retreat,6,clowchan
couples-retreat,6,ajblack
couples-retreat,4,spiderpig
couples-retreat,4,willmoviefan97
couples-retreat,3,darrenfx
couples-retreat,4,tburnham
couples-retreat,4,notnatportman
couples-retreat,4,pattyromp
couples-retreat,3,bilboballin
couples-retreat,4,ezracubero
couples-retreat,4,senswinthecup
couples-retreat,6,moviemaxwell
courageous,7,hammerbros94
courageous,4,blockbustedpod
courageous,1,johntyler
courageous,6,austinburke
courageous,2,willhunting
courageous,4,mskiesha
courageous,4,haybatman
courageous,2,travis_kyker
courageous,3,trey_northcutt
courageous,4,jeremy_crabb
courageous,1,tburnham
court,7,gemko
court,7,milez
court,6,lencho_o_t_apes
court,6,chicofireman
court,8,doinkdedoink
court,8,itsnacool
court,7,lgarcia
court,8,wampeter57
court,7,vrizov
coven-2020,5,dustin_b
coven-of-evil,2,dustin_b
covenant,5,dustin_b
cover,3,ingmar
cover-the-mirrors,2,dustin_b
cover-versions,7,axxstin
cowards-bend-the-knee,6,fuchsiadyke
cowards-bend-the-knee,10,pobrecito
cowards-bend-the-knee,7,tectactoe
cowards-bend-the-knee,7,cwbradley
cowards-bend-the-knee,7,brianformo
cowards-bend-the-knee,7,hibiscus
cowards-bend-the-knee,10,rotch
cowards-bend-the-knee,7,yeetismurder
cowards-bend-the-knee,10,hentaicop
cowards-bend-the-knee,8,halliejhalliday
cowards-bend-the-knee,8,lgarcia
cowards-bend-the-knee,7,ingmar
cowards-bend-the-knee,5,frymanjayce
cowboy-dave,9,man_out_of_time
cowboy-dave,8,liveandrew
cowboys-aliens,3,superpulse
cowboys-aliens,4,juggernaut323
cowboys-aliens,6,kun
cowboys-aliens,2,cantinaband
cowboys-aliens,2,davidlsims
cowboys-aliens,4,ihe
cowboys-aliens,6,sonofjorel
cowboys-aliens,2,davidfinchher
cowboys-aliens,4,screeningnotes
cowboys-aliens,3,uncutgems
cowboys-aliens,2,arkhamoutlaw10
cowboys-aliens,5,austinburke
cowboys-aliens,3,drivefiction19
cowboys-aliens,7,chavrosbaby
cowboys-aliens,3,franhoepfner
cowboys-aliens,2,phrynefisher
cowboys-aliens,5,jvince
cowboys-aliens,2,bethanywilson
cowboys-aliens,4,lucyskeet
cowboys-aliens,7,hewasthrfriendd
cowboys-aliens,4,cinebro
cowboys-aliens,6,grooveman
cowboys-aliens,5,thatsantiagoguy
cowboys-aliens,4,colintroy
cowboys-aliens,2,artpig
cowboys-aliens,2,followtheblind
cowboys-aliens,7,itssofyann
cowboys-aliens,2,davechen
cowboys-aliens,5,worsethan
cowboys-aliens,4,kevinyang
cowboys-aliens,4,jimmyvon789
cowboys-aliens,4,flaska11
cowboys-aliens,4,coffeevirus
cowboys-aliens,3,thejacko
cowboys-aliens,7,kingofgondor
cowboys-aliens,5,connorcarey
cowboys-aliens,2,haydenwelch
cowboys-aliens,5,therealmattc
cowboys-aliens,6,thelastsith
cowboys-aliens,4,tobiasandersen2
cowboys-aliens,3,ridleysthot
cowboys-aliens,4,milo123
cowboys-aliens,4,mattybsaps
cowboys-aliens,2,moviefan999
cowboys-aliens,4,nickyd
cowboys-aliens,4,crackfox45
cowboys-aliens,2,cgrunyon
cowboys-aliens,2,suspiriorvm
cowboys-aliens,4,naewatches
cowboys-aliens,4,krodgers101
cowboys-aliens,3,theccritic
cowboys-aliens,5,thefilmcave
cowboys-aliens,4,zyopy
cowboys-aliens,2,jbouie
cowboys-aliens,3,dirtgrub
cowboys-aliens,6,chicofireman
cowboys-aliens,5,kynky
cowboys-aliens,2,edoardocan
cowboys-aliens,4,ajblack
cowboys-aliens,7,reibureibu
cowboys-aliens,5,colinfirths
cowboys-aliens,5,harlequinade
cowboys-aliens,4,themediadiorama
cowboys-aliens,4,filmslikedreams
cowboys-aliens,5,cinemaniax
cowboys-aliens,2,mikeyb98
cowboys-aliens,5,oneepiexe
cowboys-aliens,4,musicbymilo
cowboys-aliens,4,thecomedian
cowboys-aliens,4,keithlaf
cowboys-aliens,3,herb_gallow
cowboys-aliens,2,halliejhalliday
cowboys-aliens,6,willmoviefan97
cowboys-aliens,4,itsnacool
cowboys-aliens,6,brakywaki
cowboys-aliens,3,reviewsbybrooks
cowboys-aliens,6,comrade_yui
cowboys-aliens,3,jmfilms123
cowboys-aliens,3,darrenfx
cowboys-aliens,5,cathalbyron
cowboys-aliens,7,notjeffknight
cowboys-aliens,5,jay_c
cowboys-aliens,4,julietburke
cowboys-aliens,5,lordbaelish643
cowboys-aliens,2,alan1
cowboys-aliens,7,steph_h
cowboys-aliens,5,tburnham
cowboys-aliens,6,scalytugboat
cowboys-aliens,3,gc11
cowboys-aliens,4,maxthemoviegirl
cowboys-aliens,4,asilversnake
cowboys-aliens,4,vernonator6497
cowboys-aliens,1,markella
cowboys-aliens,5,jennaipcar
cowboys-aliens,4,ezracubero
cowboys-aliens,3,xarnis
cowboys-aliens,6,filmusicinemike
cowboys-aliens,5,badeboom
cowboys-aliens,5,onno
cowboys-aliens,3,babydriverreal
cowboys-aliens,5,tommysyk
cowboys-aliens,4,moviemaxwell
cowboys-aliens,6,thatmoviefreak
cowboys-aliens,4,hotelearle
cowboys-aliens,5,invincibleasia
cowboys-aliens,4,thorsky
cowboys-aliens,2,ziggystorstrand
cowboys-aliens,5,zaragwen
cowboys-aliens,5,charliemorris
coyote-2010,7,realdaveimboden
coyote-2010,6,hooded_justice
coyote-2010,6,ihavebadtaste
coz-ov-moni,3,loureviews
coz-ov-moni-2-fokn-revenge,4,loureviews
crack-2017-1,8,mrjago
cracker-crazy-invisible-histories-of-the-sunshine-state,6,wampeter57
crackerjack-2013,8,blockbustedpod
cradle-2-the-grave,4,theblogosfear
cradle-2-the-grave,7,grooveman
cradle-2-the-grave,4,colintroy
cradle-2-the-grave,6,jlalibs
cradle-2-the-grave,7,cwbradley
cradle-2-the-grave,4,lifewithnopants
cradle-2-the-grave,6,connorcarey
cradle-2-the-grave,4,thelastsith
cradle-2-the-grave,7,hstrawberry
cradle-2-the-grave,5,cogerson
cradle-2-the-grave,5,diegowaffles
cradle-2-the-grave,5,estebueno
cradle-2-the-grave,6,markmooney
cradle-2-the-grave,2,mikeyb98
cradle-2-the-grave,2,badsmile
cradle-2-the-grave,6,thesherminator
cradle-2-the-grave,5,onno
cradle-2-the-grave,3,shutupmikeginn
cradle-of-filth-live-at-rock-am-ring,4,darrenfx
cradle-swapping,2,shanderson88
cradle-swapping,2,dirtgrub
craig-ferguson-does-this-need-to-be-said,7,shawn_stubbs
crank,9,ingridgoeswest
crank,9,superpulse
crank,9,settingsun
crank,3,kun
crank,6,nevermore1985
crank,4,sonofjorel
crank,8,hammerbros94
crank,8,arkhamoutlaw10
crank,8,johntyler
crank,3,oliviawildehawt
crank,5,chavrosbaby
crank,9,avadavis
crank,7,elcochran90
crank,9,jacobknight
crank,5,willhollis
crank,3,mariamicia13
crank,7,impressionblend
crank,9,grooveman
crank,6,dirkbogarde
crank,8,thatsantiagoguy
crank,7,lise
crank,5,followtheblind
crank,7,davechen
crank,7,worsethan
crank,8,pinheadlarry145
crank,7,jimmyvon789
crank,5,stautis
crank,8,blackphillips
crank,8,coffeevirus
crank,9,lifewithnopants
crank,8,kingofgondor
crank,6,ashmatxx
crank,6,nickmcc2
crank,8,thejoelynch
crank,6,thelastsith
crank,6,capitao134
crank,6,symonymm
crank,7,tripeazy96
crank,6,ianjonas
crank,8,mattybsaps
crank,6,julps2
crank,6,hereditary
crank,10,anhonestmess
crank,6,tenzinsia
crank,7,diogoserafim
crank,6,estebueno
crank,8,andrerseits
crank,1,fieldmouse
crank,8,jeremy_crabb
crank,10,kiko
crank,8,theccritic
crank,7,zyopy
crank,1,coles84
crank,6,daveyjenkins
crank,5,ricomcpato
crank,7,champ83
crank,6,clowchan
crank,7,rstrahs
crank,7,ajblack
crank,8,yeetismurder
crank,7,reibureibu
crank,7,harlequinade
crank,6,maskull
crank,8,ultamatefanboy1
crank,7,etienneone
crank,6,romankirby
crank,7,marooncrimson
crank,8,filmslikedreams
crank,8,markmooney
crank,6,elnapalmo
crank,7,mirishikiari
crank,8,ghostdinosaur
crank,7,oneepiexe
crank,6,collin_clark
crank,4,keithlaf
crank,8,halliejhalliday
crank,8,thisisalexei
crank,7,willmoviefan97
crank,5,rybrentmannftw
crank,9,rococowinked
crank,10,comrade_yui
crank,8,jmfilms123
crank,8,darrenfx
crank,5,cathalbyron
crank,8,riotglasses
crank,8,riley_danson
crank,6,buttnugget
crank,4,alan1
crank,2,tburnham
crank,7,badsmile
crank,7,louferrigno
crank,7,notnatportman
crank,7,brandonh
crank,9,ghostsmut
crank,9,calum_marsh
crank,8,ezracubero
crank,7,xarnis
crank,7,ji_doctor
crank,7,peepinstead
crank,7,filmusicinemike
crank,9,frankenlotter
crank,7,onno
crank,8,baronronan
crank,7,comedyhipster
crank,6,shutupmikeginn
crank,4,thatmoviefreak
crank,1,jackdoran
crank,10,ihavebadtaste
crank,3,hotelearle
crank,7,thefincherking
crank,10,ziggystorstrand
crank,5,charliemorris
crash-landing,2,juggernaut323
crash-landing,4,shawn_stubbs
crave,1,cduffy
crawl,5,coles84
crawl,2,rickd
crawl,6,steph_h
crawl-or-die,6,tentaclatron
crawl-or-die,4,danboyle86
crazy-about-work,5,lencho_o_t_apes
crazy-bible,3,haydenwelch
crazy-enough,3,nathanrabin
crazy-love-2007,5,soundturnedlow
crazy-love-2007,10,kaliofthedolls
crazy-love-2007,4,morgendorffer
crazy-love-2007,10,jay_c
crazy-love-2007,2,staceyb
crazy-love-2007,6,jennaipcar
crazy-not-insane,8,allisoncm
crazy-not-insane,6,jack
crazy-not-insane,7,letmeexplain
crazy-not-insane,6,waldo
crazy-not-insane,5,seanfennessey
crazy-not-insane,8,codypphoto
crazy-not-insane,3,ghostdinosaur
crazy-not-insane,7,monocle
crazy-not-insane,8,firstshowing
crazy-on-the-outside,1,sharktale
crazy-on-the-outside,2,mikeyb98
crazy-samurai-musashi,3,colonelmortimer
crazy-samurai-musashi,4,lastcooldude
crazy-samurai-musashi,5,hibiscus
crazy-samurai-musashi,6,firstshowing
crazy-samurai-musashi,2,gubarenko
crazy-samurai-musashi,3,fakerobhunter
crazy-samurai-musashi,8,dijonwyn
creating-carrie,7,bethanywilson
creature-2011,4,nevermore1985
creature-2011,1,csunofficial
creature-companion,4,gdw
creature-companion,1,scrumblebunny
creature-companion,3,kevin_matthews
credit-for-murder,9,jay_c
creem-americas-only-rock-n-roll-magazine,5,filmspotting
creem-americas-only-rock-n-roll-magazine,7,patrickpryor
creem-americas-only-rock-n-roll-magazine,5,seanfennessey
creem-americas-only-rock-n-roll-magazine,7,senswinthecup
creem-americas-only-rock-n-roll-magazine,7,scottrenshaw
creep,8,punchdrunklizzy
creep,8,avadavis
creep,6,tonyterror
creep,5,oh_dae_su
creep,6,mortom
creep,6,andrerseits
creep,2,hail_freyr
creep,5,chicofireman
creep,3,romankirby
creep,4,markmooney
creep,5,elnapalmo
creep,5,mirishikiari
creep,7,liveandrew
creep,7,axxstin
creep,8,jhillman
creep,8,tobe_whooper
creep,7,domxrm
creep,6,ji_doctor
creep,6,danboyle86
creep,2,thefincherking
creep,5,zaragwen
creeper,1,stevenmillan
creeper-2012,2,rstrahs
crepuscule-2011,7,ji_doctor
crestone,7,scotttobias
crestone,8,jlalibs
cries-from-syria,7,briantt
cries-from-syria,9,jupinwhm
cries-from-syria,9,gubarenko
cries-from-syria,10,kenru
crime-or-punishment,1,elnapalmo
crime-or-punishment,4,ji_doctor
criminal,5,gemko
criminal,8,johntyler
criminal,5,elcochran90
criminal,8,silentjoe13
criminal,6,lise
criminal,5,nancilwt
criminal,7,the_narrator
criminal,7,kevincormier
criminal,6,astoehr
criminal,7,zaragwen
criminal-2016,5,colonelmortimer
criminal-2016,5,jay
criminal-2016,1,settingsun
criminal-2016,7,todd_gaines
criminal-2016,6,davidfinchher
criminal-2016,3,uncutgems
criminal-2016,3,oliviawildehawt
criminal-2016,7,chavrosbaby
criminal-2016,4,avadavis
criminal-2016,5,jacobknight
criminal-2016,3,briantt
criminal-2016,3,sonnywortzik
criminal-2016,4,letmeexplain
criminal-2016,6,moviemaestro
criminal-2016,6,thejoelynch
criminal-2016,5,waldo
criminal-2016,2,dancedancedance
criminal-2016,7,cogerson
criminal-2016,4,milo123
criminal-2016,3,nickyd
criminal-2016,6,realdaveimboden
criminal-2016,6,theccritic
criminal-2016,7,kynky
criminal-2016,7,clowchan
criminal-2016,6,toombstoned
criminal-2016,4,themediadiorama
criminal-2016,2,salinui
criminal-2016,5,blainlamotta
criminal-2016,5,monocle
criminal-2016,8,paradoxdl
criminal-2016,4,willmoviefan97
criminal-2016,3,rybrentmannftw
criminal-2016,6,darrenfx
criminal-2016,4,cathalbyron
criminal-2016,5,steph_h
criminal-2016,5,kevincormier
criminal-2016,4,thesherminator
criminal-2016,5,zombaid
criminal-2016,5,brandonh
criminal-2016,7,marktinta73
criminal-2016,6,xebeche
criminal-2016,5,ihavebadtaste
criminal-2016,7,entlauber
criminal-2016,3,csunofficial
criminal-2016,6,thefincherking
criminal-2016,6,fakerobhunter
crips-and-bloods-made-in-america,7,jason_alley
crips-and-bloods-made-in-america,6,maskull
crisis-hotline-veterans-press-1,6,lise
crisis-hotline-veterans-press-1,7,estebueno
crisis-hotline-veterans-press-1,8,christianalec94
crisis-hotline-veterans-press-1,8,shawn_stubbs
crisis-hotline-veterans-press-1,7,immortan_scott
crisis-hotline-veterans-press-1,7,kenru
critical-thinking,6,johntyler
critical-thinking,6,jacobknight
critical-thinking,7,justindecloux
critical-thinking,7,letmeexplain
critical-thinking,7,buttcrack313
critical-thinking,7,scottrenshaw
croc,3,chavrosbaby
croc,4,zombaid
cronies,8,cinefeelya
cross,2,nevermore1985
crossbones,4,dustin_b
crossbow,7,elihayes
crossbow,8,the_narrator
crossbow,8,ruth
crossbreed,7,pd187
crossfire-hurricane,7,ddarko42
crossfire-hurricane,7,truman
crossfire-hurricane,7,theendofcinema
crossfire-hurricane,7,moviemaestro
crossfire-hurricane,7,bethanellen
crossfire-hurricane,5,bubbleboy
crossfire-hurricane,6,fookthis
crossfire-hurricane,8,rickd
crossfire-hurricane,8,jay_c
crossfire-hurricane,7,michellenia
crossing-point,5,todd_gaines
crossword-mysteries-a-puzzle-to-die-for,6,rstrahs
crossword-mysteries-a-puzzle-to-die-for,4,fliptrotsky
crossword-mysteries-abracadaver,4,sharktale
crossword-mysteries-abracadaver,6,rstrahs
crouching-tiger-hidden-dragon-sword-of-destiny,7,colonelmortimer
crouching-tiger-hidden-dragon-sword-of-destiny,6,gemko
crouching-tiger-hidden-dragon-sword-of-destiny,1,davidlsims
crouching-tiger-hidden-dragon-sword-of-destiny,6,mr_dulac
crouching-tiger-hidden-dragon-sword-of-destiny,6,theendofcinema
crouching-tiger-hidden-dragon-sword-of-destiny,4,larsenonfilm
crouching-tiger-hidden-dragon-sword-of-destiny,6,jvince
crouching-tiger-hidden-dragon-sword-of-destiny,6,briantt
crouching-tiger-hidden-dragon-sword-of-destiny,4,thatsantiagoguy
crouching-tiger-hidden-dragon-sword-of-destiny,7,tasharobinson
crouching-tiger-hidden-dragon-sword-of-destiny,6,loureviews
crouching-tiger-hidden-dragon-sword-of-destiny,6,filmspotting
crouching-tiger-hidden-dragon-sword-of-destiny,5,shanderson88
crouching-tiger-hidden-dragon-sword-of-destiny,5,leschroeck
crouching-tiger-hidden-dragon-sword-of-destiny,6,balanders
crouching-tiger-hidden-dragon-sword-of-destiny,5,taz
crouching-tiger-hidden-dragon-sword-of-destiny,3,anhonestmess
crouching-tiger-hidden-dragon-sword-of-destiny,6,realdaveimboden
crouching-tiger-hidden-dragon-sword-of-destiny,6,hail_freyr
crouching-tiger-hidden-dragon-sword-of-destiny,7,krautsalat
crouching-tiger-hidden-dragon-sword-of-destiny,5,filmfreek25
crouching-tiger-hidden-dragon-sword-of-destiny,4,hotdonkeybear
crouching-tiger-hidden-dragon-sword-of-destiny,1,kpitman
crouching-tiger-hidden-dragon-sword-of-destiny,5,mrjago
crouching-tiger-hidden-dragon-sword-of-destiny,4,marktinta73
crouching-tiger-hidden-dragon-sword-of-destiny,5,filmtasticmrcox
crow-2016,6,coles84
crowded-house-woodface,6,ruth
crowhurst,8,man_out_of_time
crowhurst,7,smogo
crown-vic,6,matt_thomas10
crown-vic,7,waldo
crown-vic,7,salinui
crown-vic,6,alexroy656
crown-vic,6,mirishikiari
crown-vic,6,cathalbyron
crown-vic,4,marktinta73
crown-vic,6,fakerobhunter
crowsnest,4,nevermore1985
crowsnest,1,theblogosfear
crowsnest,4,marcissus
crowsnest,1,ajblack
crshd,6,jaimerebanal
crshd,7,mildredsfierce
crucible-of-the-vampire,6,matt_thomas10
crude,9,jay_c
crude,3,ingmar
crude-oil-2019,9,andredenervaux
crude-oil-2019,5,matt_thomas10
crude-oil-2019,7,maxthemoviegirl
crude-oil-2019,9,gubarenko
crude-oil-2019,7,hotelearle
cruel-restaurant,4,smogo
cruel-sea-the-penlee-lifeboat-disaster,8,man_out_of_time
cruel-unusual,8,jennyslate
cruel-unusual,5,ptabro
crush-2013,5,moviemaestro
cry-for-the-bad-man,6,stevenmillan
cry-for-the-bad-man,5,dustin_b
cry-when-it-happens,10,josiahmorgan11
cry-when-it-happens,10,gretgerwig
cry-when-it-happens,7,amateurdoubles
cry-when-it-happens,9,feuilladist
cry-wolf-2005,1,holliehorror
cry-wolf-2005,8,arkhamoutlaw10
cry-wolf-2005,3,johntyler
cry-wolf-2005,7,avadavis
cry-wolf-2005,7,tonyterror
cry-wolf-2005,2,silentjoe13
cry-wolf-2005,4,smogo
cry-wolf-2005,5,thelastsith
cry-wolf-2005,3,theslayerbuffy
cry-wolf-2005,3,hail_freyr
cry-wolf-2005,4,coles84
cry-wolf-2005,6,hentaicop
cry-wolf-2005,5,salinui
cry-wolf-2005,2,taoa
cry-wolf-2005,6,superdarktimes
cry-wolf-2005,8,axxstin
cry-wolf-2005,8,steph_h
cry-wolf-2005,7,brandonh
cry-wolf-2005,6,tobe_whooper
cry-wolf-2005,2,tommysyk
crying-100-times-every-raindrop-falls,7,peepinstead
crying-bitch,7,stevenmillan
crying-fist,6,yorel1976
crying-fist,7,cinephile24
crying-fist,8,mrjago
crying-fist,9,ihavebadtaste
crying-out-love-in-the-center-of-the-world,7,mrjago
crying-wolf-2015,2,maskull
crypsis,4,chavrosbaby
crypsis,2,maskull
cryptic-plasm,10,pd187
cryptic-plasm,7,tentaclatron
crystal-river,3,charliemorris
csa-the-confederate-states-of-america,8,pd187
csa-the-confederate-states-of-america,5,worsethan
csa-the-confederate-states-of-america,8,v9733xa
csa-the-confederate-states-of-america,6,cinemonster
csa-the-confederate-states-of-america,6,jbouie
csa-the-confederate-states-of-america,7,chriscarr1
csa-the-confederate-states-of-america,4,hotdonkeybear
csa-the-confederate-states-of-america,7,shawn_stubbs
csa-the-confederate-states-of-america,6,xarnis
csa-the-confederate-states-of-america,5,ingmar
cuba-and-the-cameraman,7,davidehrlich
cuba-and-the-cameraman,6,ricomcpato
cuba-and-the-cameraman,9,bobhoveyga
cuba-and-the-cameraman,7,zombaid
cuba-and-the-cameraman,9,kenru
cuck-2019,2,elihayes
cuck-2019,2,cobrarocky
cuck-2019,3,amyja89
cul-de-sac-2016,8,rickd
cult-2013,6,rococowinked
cult-girls,2,auteur
cult-girls,1,andrerseits
cult-girls,8,stevenmillan
cult-girls,4,dustin_b
cunk-on-christmas,7,gdw
cunk-on-christmas,7,kynky
cunningham,6,ellakemp
cunningham,8,timbrayton
cunningham,5,realhenryb
cunningham,8,scottrenshaw
cunningham,6,vrizov
cupid-2012,1,sharktale
cupid-2020,4,brucewayn
cupid-2020,4,maskull
cupid-2020,2,stevenmillan
cupid-2020,5,dustin_b
cured-2020,6,dselwyns
cured-2020,8,thelastsith
cured-2020,4,chicofireman
curfew-2012,9,ingridgoeswest
curfew-2012,6,jakepcole
curfew-2012,4,brendanmichaels
curfew-2012,2,jrwhite
curfew-2012,4,taylorfilmguy
curfew-2012,3,lise
curfew-2012,8,jimmyvon789
curfew-2012,6,letmeexplain
curfew-2012,9,aboutlalalala
curfew-2012,5,eric_peartree
curfew-2012,4,liveandrew
curfew-2012,9,thecomedian
curfew-2012,7,bittercherry
curious-george-2-follow-that-monkey,6,punchdrunklizzy
curious-george-2-follow-that-monkey,4,dselwyns
curious-george-2-follow-that-monkey,5,itssofyann
curious-george-2-follow-that-monkey,6,markmooney
curious-george-a-very-monkey-christmas-2009,7,shawn_stubbs
curious-george-go-west-go-wild,2,punq
curse-of-the-nun,1,stevenmillan
curse-of-the-nun,5,dustin_b
curse-of-the-scarecrow,3,nevermore1985
curse-of-the-weeping-woman-j-okel,2,danboyle86
curtain-2015,6,ucrazyutaraptor
curtain-2015,7,jawclick
curtain-2015,6,liamviii
curtain-2015,4,ji_doctor
curtain-2015,1,zaragwen
custers-last-fight,7,neilbahadur
custody-2016,6,clowchan
custody-2016,6,cosmobrown
cut-2011,6,vrizov
cut-and-chop,6,dustin_b
cut-shoot-kill,2,hereditary
cut-shoot-kill,5,fakerobhunter
cut-throat-city,5,buttcrack313
cut-throat-city,6,seanfennessey
cut-throat-city,6,mikeyb98
cut-throat-city,6,zachpopereviews
cut-throat-city,5,steph_h
cut-throat-city,4,fakerobhunter
cute-little-buggers,3,champ83
cute-little-buggers,4,maskull
cute-little-buggers,2,stevenmillan
cutie-and-the-boxer,7,davidehrlich
cutie-and-the-boxer,6,oliviawildehawt
cutie-and-the-boxer,4,jrwhite
cutie-and-the-boxer,7,scotttobias
cutie-and-the-boxer,5,lise
cutie-and-the-boxer,8,shanderson88
cutie-and-the-boxer,9,kano
cutie-and-the-boxer,6,yorel1976
cutie-and-the-boxer,7,rodstar
cutie-and-the-boxer,6,capitao134
cutie-and-the-boxer,10,symonymm
cutie-and-the-boxer,9,sprizzle
cutie-and-the-boxer,8,nickdenbow
cutie-and-the-boxer,7,dillamonster
cutie-and-the-boxer,10,cduffy
cutie-and-the-boxer,6,marcissus
cutie-and-the-boxer,6,clowchan
cutie-and-the-boxer,6,monocle
cutie-and-the-boxer,8,bobhoveyga
cutie-and-the-boxer,6,shawn_stubbs
cutie-and-the-boxer,8,jay_c
cutie-and-the-boxer,9,bilboballin
cutie-and-the-boxer,9,lifeasfiction
cutie-and-the-boxer,7,olevar
cutie-and-the-boxer,9,baronronan
cutie-and-the-boxer,8,izzio
cutie-and-the-boxer,6,vrizov
cutie-and-the-boxer,7,obligatory
cutie-honey,8,thatsantiagoguy
cutie-honey,8,ultimateparker
cutie-honey,5,hibiscus
cutie-honey,8,reibureibu
cutie-honey,6,zombaid
cutie-honey,8,peepinstead
cuties,8,holliehorror
cuties,7,frankenlotter
cutlass,9,peepinstead
cutting-moments-2016,5,ladyspiggott
cyber-seniors,6,kenru
cyberbully,1,deathproof
cyberbully,2,ingridgoeswest
cyberbully,1,holliehorror
cyberbully,1,cantinaband
cyberbully,4,tarantulini
cyberbully,4,alovelynite
cyberbully,1,truman
cyberbully,3,yazzjames
cyberbully,3,avadavis
cyberbully,3,bethanywilson
cyberbully,1,willas
cyberbully,4,peterstanley
cyberbully,2,hewasthrfriendd
cyberbully,1,juliendonkeyboi
cyberbully,2,nomadland
cyberbully,5,ucrazyutaraptor
cyberbully,3,eely
cyberbully,1,haybatman
cyberbully,7,jennyslate
cyberbully,5,cathyk
cyberbully,1,jimmyvon789
cyberbully,3,letmeexplain
cyberbully,1,colinandrews
cyberbully,2,hauteprincesses
cyberbully,3,kingofgondor
cyberbully,4,nickmcc2
cyberbully,1,haydenwelch
cyberbully,2,wizardchurch
cyberbully,1,finnpoe
cyberbully,5,filmsbi
cyberbully,2,mattybsaps
cyberbully,2,jakeperalta
cyberbully,2,gretgerwig
cyberbully,2,faretheewell
cyberbully,8,adrianam
cyberbully,2,belledejour
cyberbully,5,rachel_remeny
cyberbully,1,nickdenbow
cyberbully,1,krodgers101
cyberbully,2,theccritic
cyberbully,1,keeganeatspie
cyberbully,1,ashonfilm
cyberbully,1,ricomcpato
cyberbully,2,hentaicop
cyberbully,1,marooncrimson
cyberbully,1,dirtoddhaynes
cyberbully,2,fliptrotsky
cyberbully,7,morgendorffer
cyberbully,1,jmfilms123
cyberbully,2,darrenfx
cyberbully,2,mxddie_b
cyberbully,4,teamedward
cyberbully,2,notnatportman
cyberbully,1,brandonh
cyberbully,1,pattyromp
cyberbully,1,xarnis
cyberbully,1,jah776
cyberbully,4,reysdimple
cyberbully,1,buffedfilmbuff
cyberbully,4,bittercherry
cyberbully,4,willpoulter
cyberbully,6,jackdoran
cybermutt,6,scumbalina
cybernetic-showdown,4,ucrazyutaraptor
cyberstalker,1,scumbalina
cyborg-hookers,1,colinandrews
cyborg-x,1,mr_dulac
cyprus-avenue,8,man_out_of_time
cyrano-agency,2,kun
cyxork-7,2,pd187
cyxork-7,2,rickd
cyxork-7,2,darrenfx
d-railed,4,chavrosbaby
d-railed,2,alexroy656
d-railed,2,rickd
d-railed,6,dustin_b
d-railed,5,danboyle86
d-tour-a-tenacious-documentary,8,brakywaki
da-kath-and-kim-code,8,flynnryder
da-kath-and-kim-code,6,themyrka
da-sweet-blood-of-jesus,8,davidehrlich
da-sweet-blood-of-jesus,6,silentdawn
da-sweet-blood-of-jesus,7,juggernaut323
da-sweet-blood-of-jesus,6,darrencb
da-sweet-blood-of-jesus,5,zoltarak
da-sweet-blood-of-jesus,7,punchdrunklizzy
da-sweet-blood-of-jesus,8,arkhamoutlaw10
da-sweet-blood-of-jesus,4,johntyler
da-sweet-blood-of-jesus,4,larsenonfilm
da-sweet-blood-of-jesus,10,pd187
da-sweet-blood-of-jesus,6,theblogosfear
da-sweet-blood-of-jesus,1,mariamicia13
da-sweet-blood-of-jesus,5,briantt
da-sweet-blood-of-jesus,4,silentjoe13
da-sweet-blood-of-jesus,6,labuzamovies
da-sweet-blood-of-jesus,6,justindecloux
da-sweet-blood-of-jesus,2,kano
da-sweet-blood-of-jesus,6,smogo
da-sweet-blood-of-jesus,8,lifewithnopants
da-sweet-blood-of-jesus,6,connorcarey
da-sweet-blood-of-jesus,3,bbeksinski
da-sweet-blood-of-jesus,6,cherprayers
da-sweet-blood-of-jesus,7,enteredthevoid
da-sweet-blood-of-jesus,8,rotch
da-sweet-blood-of-jesus,4,jeremy_crabb
da-sweet-blood-of-jesus,5,cduffy
da-sweet-blood-of-jesus,4,filmslikedreams
da-sweet-blood-of-jesus,1,marooncrimson
da-sweet-blood-of-jesus,5,jupinwhm
da-sweet-blood-of-jesus,8,reesepd
da-sweet-blood-of-jesus,6,realhenryb
da-sweet-blood-of-jesus,7,mikestuhlman
da-sweet-blood-of-jesus,4,patrickripoll
da-sweet-blood-of-jesus,4,bobhoveyga
da-sweet-blood-of-jesus,8,halliejhalliday
da-sweet-blood-of-jesus,6,thisisalexei
da-sweet-blood-of-jesus,6,willmoviefan97
da-sweet-blood-of-jesus,3,riotglasses
da-sweet-blood-of-jesus,9,buttnugget
da-sweet-blood-of-jesus,7,astoehr
da-sweet-blood-of-jesus,7,kevin_matthews
da-sweet-blood-of-jesus,7,pstalbot
da-sweet-blood-of-jesus,6,crduffy97
da-sweet-blood-of-jesus,7,lifeasfiction
da-sweet-blood-of-jesus,4,olevar
da-sweet-blood-of-jesus,6,tobe_whooper
da-sweet-blood-of-jesus,5,cinefeelya
da-sweet-blood-of-jesus,4,comedyhipster
da-sweet-blood-of-jesus,4,nowhere1997
da-sweet-blood-of-jesus,3,hotelearle
da-sweet-blood-of-jesus,6,vrizov
daddy-2015,3,mundof
daddy-issues,2,punchdrunklizzy
daddy-issues,2,londono
daddy-issues,1,hollieamanda
daddy-issues,1,coffeevirus
daddy-issues,2,hereditary
daddy-issues,2,ricomcpato
dadli,6,matt_thomas10
dads-army-2016,2,arkhamoutlaw10
dads-army-2016,2,man_out_of_time
dads-army-2016,5,cogerson
dads-army-2016,6,clowchan
dads-army-2016,6,ajblack
dads-army-2016,10,gilliananderson
dads-army-2016,2,marktinta73
dads-army-2016,6,charliemorris
dads-home,2,sharktale
daffodils,6,taz
daft-punk-unchained,7,leschroeck
daft-punk-unchained,6,thejoelynch
daft-punk-unchained,8,rsolsjo
daft-punk-unchained,7,cduffy
daft-punk-unchained,6,tarantinole
daft-punk-unchained,9,ultamatefanboy1
daft-punk-unchained,8,bubbleboy
dagostino,5,mundof
dahmer-on-dahmer-a-serial-killer-speaks,7,charliemorris
daisy,5,doinkdedoink
daisy,6,buttnugget
daisy-derkins-vs-the-bloodthirsty-beast-of-barren-pines,1,rstrahs
dali-disney-a-date-with-destino,6,maxthemoviegirl
dallas-362,8,gemko
dallas-362,8,hotelearle
daltry-calhoun,5,moviemaestro
daltry-calhoun,2,comedyhipster
dam-sharks,10,kaliofthedolls
dam-sharks,8,rstrahs
dam-sharks,8,maskull
damage-2009,2,brucewayn
damage-2009,5,cathalbyron
damage-2009,7,peepinstead
damascus-cover,4,marktinta73
damiana-kryygi,6,scrumblebunny
damnation-2014,5,wampeter57
damnation-2014,7,kenru
damsel-2018,8,davidehrlich
damsel-2018,5,ianamurray
damsel-2018,7,suspirliam
damsel-2018,6,russman
damsel-2018,5,davidlsims
damsel-2018,6,bratpitt
damsel-2018,2,nycsubwayrat
damsel-2018,6,andredenervaux
damsel-2018,6,screeningnotes
damsel-2018,4,arkhamoutlaw10
damsel-2018,4,alovelynite
damsel-2018,6,jacobknight
damsel-2018,7,kylestanstv
damsel-2018,6,larsenonfilm
damsel-2018,8,amandaayoung
damsel-2018,6,feedingbrett
damsel-2018,5,lucyskeet
damsel-2018,5,willas
damsel-2018,6,briantt
damsel-2018,7,thehandmaiden
damsel-2018,6,nickwibert
damsel-2018,4,patrickpryor
damsel-2018,7,ellakemp
damsel-2018,6,jlalibs
damsel-2018,6,kano
damsel-2018,3,hollieamanda
damsel-2018,5,letmeexplain
damsel-2018,4,kernetcetera
damsel-2018,4,cwbradley
damsel-2018,8,aaronh
damsel-2018,5,farriercollins
damsel-2018,8,waldo
damsel-2018,4,cvall96
damsel-2018,5,buttcrack313
damsel-2018,7,cogerson
damsel-2018,6,lesaladino
damsel-2018,6,hereditary
damsel-2018,8,moviefan999
damsel-2018,8,bartonfinked
damsel-2018,7,rachel_remeny
damsel-2018,6,suspiriorvm
damsel-2018,8,kjones77
damsel-2018,6,theccritic
damsel-2018,7,isajjar
damsel-2018,9,codypphoto
damsel-2018,4,harlequinade
damsel-2018,7,beniciodeltoro
damsel-2018,4,voidember
damsel-2018,7,collin_clark
damsel-2018,5,kurdt
damsel-2018,8,reviewsbybrooks
damsel-2018,8,firstshowing
damsel-2018,8,tburnham
damsel-2018,6,immortan_scott
damsel-2018,6,thesherminator
damsel-2018,6,maxthemoviegirl
damsel-2018,8,brandonh
damsel-2018,8,pstalbot
damsel-2018,6,bilboballin
damsel-2018,5,jennaipcar
damsel-2018,5,scottrenshaw
damsel-2018,9,domxrm
damsel-2018,7,cinefeelya
damsel-2018,6,ruth
damsel-2018,9,frankenlotter
damsel-2018,5,izzio
damsel-2018,5,bittercherry
damsel-2018,6,nowhere1997
damsel-2018,7,insessionfilm
damsel-2018,4,jackdoran
damsel-2018,6,xebeche
damsel-2018,5,charliemorris
damsel-2018,9,fakerobhunter
damsel-2018,6,dijonwyn
damsels-in-distress,4,ingridgoeswest
damsels-in-distress,4,superpulse
damsels-in-distress,4,ianamurray
damsels-in-distress,4,suspirliam
damsels-in-distress,8,arkhamoutlaw10
damsels-in-distress,4,jakepcole
damsels-in-distress,8,jack
damsels-in-distress,8,catelyn
damsels-in-distress,2,bethanywilson
damsels-in-distress,2,theblogosfear
damsels-in-distress,6,jaimerebanal
damsels-in-distress,4,willas
damsels-in-distress,6,subsahaaron
damsels-in-distress,9,michaelhaneke
damsels-in-distress,6,cameronkanachki
damsels-in-distress,10,silentjoe13
damsels-in-distress,8,cinebro
damsels-in-distress,5,haybatman
damsels-in-distress,5,varghese_no1
damsels-in-distress,6,ryangosling
damsels-in-distress,7,gonegirls
damsels-in-distress,8,cvall96
damsels-in-distress,5,jameshealey
damsels-in-distress,5,cogerson
damsels-in-distress,9,symonymm
damsels-in-distress,8,lesaladino
damsels-in-distress,8,milo123
damsels-in-distress,6,soundturnedlow
damsels-in-distress,4,mundof
damsels-in-distress,7,diogoserafim
damsels-in-distress,8,rotch
damsels-in-distress,1,jehorowitz
damsels-in-distress,6,marcissus
damsels-in-distress,7,owene73
damsels-in-distress,5,gainsbourg
damsels-in-distress,4,doinkdedoink
damsels-in-distress,5,mikeyb98
damsels-in-distress,9,ghostdinosaur
damsels-in-distress,7,patrickripoll
damsels-in-distress,9,the_narrator
damsels-in-distress,7,morgendorffer
damsels-in-distress,8,amateurdoubles
damsels-in-distress,5,cathalbyron
damsels-in-distress,6,lgarcia
damsels-in-distress,6,mxddie_b
damsels-in-distress,6,lifeasfiction
damsels-in-distress,10,kamilleroboter
damsels-in-distress,7,ruth
damsels-in-distress,2,ingmar
damsels-in-distress,1,feuilladist
damsels-in-distress,6,jackdoran
damsels-in-distress,7,zaragwen
damsels-in-distress,5,charliemorris
dan-soder-son-of-a-gary,7,todd_gaines
dan-soder-son-of-a-gary,8,brendanmichaels
dan-soder-son-of-a-gary,7,dustin_b
dana-carvey-straight-white-male-60,4,ddarko42
dana-carvey-straight-white-male-60,5,oliviawildehawt
dana-carvey-straight-white-male-60,6,nuno09
dana-carvey-straight-white-male-60,7,madrose6
dana-carvey-straight-white-male-60,6,jennaipcar
dana-carvey-straight-white-male-60,6,frymanjayce
dana-carvey-straight-white-male-60,5,ziggystorstrand
dance-flick,1,colinandrews
dance-flick,3,buttcrack313
dance-flick,1,tobiasandersen2
dance-flick,2,mattybsaps
dance-flick,3,eric_peartree
dance-flick,1,riley_danson
dance-flick,2,ezracubero
dance-for-me,6,holliehorror
dance-party-usa,7,cwbradley
dance-party-usa,4,capitao134
dance-party-usa,4,anhonestmess
dance-party-usa,6,hooded_justice
dance-party-usa,5,ricomcpato
dance-party-usa,5,thesherminator
dance-with-a-serial-killer,6,gdw
dance-with-me-2019,10,carlogoesboom
dance-with-me-2019,7,taz
dance-with-me-2019,7,mrjago
dance-with-me-2019,7,invincibleasia
dancer-2016,7,caityperrie
dancer-2016,6,kevincormier
dancer-2016,6,baronronan
dancer-2016,6,bittercherry
dancing-at-dusk-a-moment-with-pina-bauschs-the-rite-of-spring,10,pobrecito
dane-cook-vicious-circle,7,shawn_stubbs
dane-cook-vicious-circle,6,bilboballin
danger-boys-punks-in-osaka,7,liveandrew
danger-close-2019,4,cobrarocky
danger-close-2019,6,zyopy
danger-close-2019,6,salinui
danger-close-2019,7,alexroy656
danger-close-2019,6,ruth
danger-close-2019,9,frankenlotter
danger-close-2019,6,marktinta73
danger-close-2019,5,ihavebadtaste
danger-dolls,6,ridleysthot
danger-one,3,salinui
dangerous-days-making-blade-runner,6,screeningnotes
dangerous-days-making-blade-runner,8,jvince
dangerous-days-making-blade-runner,8,rsolsjo
dangerous-days-making-blade-runner,10,therealmattc
dangerous-days-making-blade-runner,9,justwannaboogie
dangerous-days-making-blade-runner,7,ridleysthot
dangerous-days-making-blade-runner,6,axelhagne
dangerous-days-making-blade-runner,6,patrickripoll
dangerous-days-making-blade-runner,8,hotdonkeybear
dangerous-days-making-blade-runner,9,bobhoveyga
dangerous-days-making-blade-runner,9,ruth
dangerous-days-making-blade-runner,8,wampeter57
dangerous-days-making-blade-runner,6,hotelearle
dangerous-lies,3,juggernaut323
dangerous-lies,4,arkhamoutlaw10
dangerous-lies,4,alovelynite
dangerous-lies,2,austinburke
dangerous-lies,2,willhunting
dangerous-lies,1,michaelhaneke
dangerous-lies,3,itssofyann
dangerous-lies,4,letmeexplain
dangerous-lies,1,colinandrews
dangerous-lies,2,ahbr
dangerous-lies,7,cwbradley
dangerous-lies,1,buttcrack313
dangerous-lies,3,balanders
dangerous-lies,3,milo123
dangerous-lies,2,brucewayn
dangerous-lies,2,bartonfinked
dangerous-lies,3,naewatches
dangerous-lies,2,krodgers101
dangerous-lies,4,filmfreek25
dangerous-lies,4,realhenryb
dangerous-lies,2,reviewsbybrooks
dangerous-lies,2,jmfilms123
dangerous-lies,5,cathalbyron
dangerous-lies,2,gc11
dangerous-lies,1,clairacurtis
dangerous-lies,1,thatmoviefreak
dangerous-lies,3,fakerobhunter
dangerous-men,6,colonelmortimer
dangerous-men,6,pobrecito
dangerous-men,8,jacobknight
dangerous-men,6,carlogoesboom
dangerous-men,6,ultimateparker
dangerous-men,10,cevangelista413
dangerous-men,10,kaliofthedolls
dangerous-men,8,dillamonster
dangerous-men,1,jupinwhm
dangerous-men,6,lohmi
dangerous-men,6,fookthis
daniel-2015,5,baronronan
daniel-2019,8,dillamonster
daniel-ana,7,elihayes
daniel-ana,7,mundof
daniel-ana,10,kaliofthedolls
daniel-isnt-real,8,elihayes
daniel-isnt-real,7,settingsun
daniel-isnt-real,4,nevermore1985
daniel-isnt-real,5,russman
daniel-isnt-real,7,mr_dulac
daniel-isnt-real,6,andredenervaux
daniel-isnt-real,6,alovelynite
daniel-isnt-real,7,siegel
daniel-isnt-real,8,lastcooldude
daniel-isnt-real,6,jacobknight
daniel-isnt-real,4,pd187
daniel-isnt-real,7,juliendonkeyboi
daniel-isnt-real,2,tasharobinson
daniel-isnt-real,6,cevangelista413
daniel-isnt-real,6,jlalibs
daniel-isnt-real,6,letmeexplain
daniel-isnt-real,5,smogo
daniel-isnt-real,7,colinandrews
daniel-isnt-real,4,matt_thomas10
daniel-isnt-real,3,cwbradley
daniel-isnt-real,3,cherprayers
daniel-isnt-real,8,waldo
daniel-isnt-real,7,buttcrack313
daniel-isnt-real,5,seanfennessey
daniel-isnt-real,10,kaliofthedolls
daniel-isnt-real,6,rotch
daniel-isnt-real,6,andrerseits
daniel-isnt-real,7,hail_freyr
daniel-isnt-real,7,dillamonster
daniel-isnt-real,6,coles84
daniel-isnt-real,6,qjtbailey
daniel-isnt-real,7,kynky
daniel-isnt-real,9,codypphoto
daniel-isnt-real,7,krautsalat
daniel-isnt-real,7,toombstoned
daniel-isnt-real,7,filmfreek25
daniel-isnt-real,6,cinemaniax
daniel-isnt-real,8,liamviii
daniel-isnt-real,2,taoa
daniel-isnt-real,6,patrickripoll
daniel-isnt-real,3,stevenmillan
daniel-isnt-real,6,thecomedian
daniel-isnt-real,7,kurdt
daniel-isnt-real,6,thisisalexei
daniel-isnt-real,6,mardarrius
daniel-isnt-real,4,reviewsbybrooks
daniel-isnt-real,8,darrenfx
daniel-isnt-real,6,riotglasses
daniel-isnt-real,4,lgarcia
daniel-isnt-real,8,steph_h
daniel-isnt-real,7,zombaid
daniel-isnt-real,6,maxthemoviegirl
daniel-isnt-real,7,dustin_b
daniel-isnt-real,8,kevin_matthews
daniel-isnt-real,9,kylezeman33
daniel-isnt-real,5,markella
daniel-isnt-real,9,domxrm
daniel-isnt-real,4,yckmd_
daniel-isnt-real,8,frankenlotter
daniel-isnt-real,6,onno
daniel-isnt-real,7,justbrianna
daniel-isnt-real,7,frymanjayce
daniel-isnt-real,7,nowhere1997
daniel-isnt-real,6,ihavebadtaste
daniel-isnt-real,7,zaragwen
daniel-isnt-real,8,charliemorris
daniel-isnt-real,4,fakerobhunter
daniel-sloss-jigsaw,8,liveandrew
daniel-tosh-completely-serious,6,yorel1976
daniel-tosh-completely-serious,6,rexrobben
daniel-tosh-completely-serious,8,bilboballin
daniel-tosh-completely-serious,7,cjprobst83
danny-collins,5,gemko
danny-collins,6,allisoncm
danny-collins,7,ddarko42
danny-collins,7,mariamicia13
danny-collins,7,briantt
danny-collins,7,milez
danny-collins,7,shanderson88
danny-collins,5,blackphillips
danny-collins,4,letmeexplain
danny-collins,8,anna_imhof
danny-collins,7,moviemaestro
danny-collins,7,waldo
danny-collins,7,jason_alley
danny-collins,6,mattybsaps
danny-collins,8,minick
danny-collins,5,nickdenbow
danny-collins,8,zyopy
danny-collins,7,clowchan
danny-collins,8,harlequinade
danny-collins,6,jupinwhm
danny-collins,7,musicbymilo
danny-collins,7,thecomedian
danny-collins,8,paradoxdl
danny-collins,7,willmoviefan97
danny-collins,4,immortan_scott
danny-collins,8,michellenia
danny-collins,7,notnatportman
danny-collins,8,brandonh
danny-collins,5,olevar
danny-collins,8,scottrenshaw
danny-collins,5,ruth
danny-collins,8,badeboom
danny-collins,8,wampeter57
danny-collins,7,insessionfilm
danny-roane-first-time-director,3,brakywaki
dantes-inferno,8,reesepd
dantes-inferno,8,brakywaki
dantes-inferno,4,tobe_whooper
dantes-inferno-an-animated-epic,4,grabmymask
dantes-inferno-an-animated-epic,5,tobe_whooper
dara-o-briain-crowd-tickler,5,liveandrew
dara-o-briain-crowd-tickler,8,kevin_matthews
dara-o-briain-this-is-the-show,8,milo123
darc,5,zombaid
dare,5,itssofyann
dare,2,madihatesfilm
dare,4,kamilleroboter
dare-to-be-wild,4,soundturnedlow
dare-to-stop-us,7,filipe_furtado
dark-and-stormy-night,8,russman
dark-and-stormy-night,6,ridleysthot
dark-angel-2019,3,madihatesfilm
dark-beacon,2,andrerseits
dark-beacon,2,stevenmillan
dark-beast,5,salinui
dark-circles,4,zaragwen
dark-corners,4,marna
dark-corners,3,rickd
dark-fields,4,yorel1976
dark-forces,5,dustin_b
dark-girls,6,theblogosfear
dark-girls,7,filmslikedreams
dark-harvest,5,nevermore1985
dark-harvest,5,tonyterror
dark-harvest,2,maskull
dark-harvest-ii-the-maize,4,nevermore1985
dark-horse-2015,7,man_out_of_time
dark-horse-2015,7,shanderson88
dark-horse-2015,7,v9733xa
dark-horse-2015,8,bobhoveyga
dark-horse-2015,9,scottrenshaw
dark-house-2014,5,tonyterror
dark-house-2014,1,andrerseits
dark-house-2014,3,zaragwen
dark-house-2018,3,dustin_b
dark-intentions,5,ucrazyutaraptor
dark-legacy,5,moviemaestro
dark-light-2019,2,lastcooldude
dark-light-2019,5,waldo
dark-light-2019,6,coles84
dark-light-2019,5,rickd
dark-light-2019,6,dustin_b
dark-light-2019,6,domxrm
dark-light-2019,7,peepinstead
dark-matter,6,matt_thomas10
dark-matter,4,perksofbeingnat
dark-night,4,gemko
dark-night,3,russman
dark-night,3,nycsubwayrat
dark-night,7,briantt
dark-night,6,juliendonkeyboi
dark-night,5,shanderson88
dark-night,5,austin
dark-night,8,jehorowitz
dark-night,9,kurdt
dark-night,3,morgendorffer
dark-night,4,tburnham
dark-night,5,brandonh
dark-night,4,bilboballin
dark-night,4,calum_marsh
dark-night,5,fakerobhunter
dark-place,8,thisisalexei
dark-place,7,maxthemoviegirl
dark-ride,4,deathproof
dark-ride,6,holliehorror
dark-ride,6,tonyterror
dark-ride,6,ucrazyutaraptor
dark-ride,6,marna
dark-ride,6,hentaicop
dark-ride,10,axxstin
dark-ride,4,tobe_whooper
dark-ride,5,ji_doctor
dark-shade-creek,2,stevenmillan
dark-signal,3,auteur
dark-signal,1,rickd
dark-signal,7,peepinstead
dark-sister,2,stevenmillan
dark-skies-2013,2,dirkh
dark-skies-2013,4,childrenofmen
dark-skies-2013,6,cantinaband
dark-skies-2013,4,sonofjorel
dark-skies-2013,4,arkhamoutlaw10
dark-skies-2013,2,bethanywilson
dark-skies-2013,5,theblogosfear
dark-skies-2013,3,peterstanley
dark-skies-2013,8,silentjoe13
dark-skies-2013,4,cinebro
dark-skies-2013,4,grooveman
dark-skies-2013,7,dirkbogarde
dark-skies-2013,2,colintroy
dark-skies-2013,5,scotttobias
dark-skies-2013,5,itssofyann
dark-skies-2013,5,cevangelista413
dark-skies-2013,2,ryangosling
dark-skies-2013,5,jimmyvon789
dark-skies-2013,5,flaska11
dark-skies-2013,5,blackphillips
dark-skies-2013,2,letmeexplain
dark-skies-2013,5,austin
dark-skies-2013,6,colinandrews
dark-skies-2013,4,dahans
dark-skies-2013,5,tuoto
dark-skies-2013,5,perksofbeingnat
dark-skies-2013,5,nickmcc2
dark-skies-2013,4,rsolsjo
dark-skies-2013,7,therealmattc
dark-skies-2013,1,agastak
dark-skies-2013,6,thelastsith
dark-skies-2013,7,buttcrack313
dark-skies-2013,7,jason_alley
dark-skies-2013,4,mattybsaps
dark-skies-2013,3,marna
dark-skies-2013,6,cgrunyon
dark-skies-2013,4,bartonfinked
dark-skies-2013,4,axelhagne
dark-skies-2013,2,theccritic
dark-skies-2013,4,marcissus
dark-skies-2013,5,codypphoto
dark-skies-2013,5,themediadiorama
dark-skies-2013,3,superdarktimes
dark-skies-2013,7,lohmi
dark-skies-2013,6,keithlaf
dark-skies-2013,7,morgendorffer
dark-skies-2013,6,shawn_stubbs
dark-skies-2013,4,reviewsbybrooks
dark-skies-2013,5,rickd
dark-skies-2013,6,jmfilms123
dark-skies-2013,7,jay_c
dark-skies-2013,6,steph_h
dark-skies-2013,8,kpitman
dark-skies-2013,5,jewbo23
dark-skies-2013,6,domxrm
dark-skies-2013,5,ji_doctor
dark-skies-2013,2,thatmoviefreak
dark-skies-2013,5,csunofficial
dark-skies-2013,4,charliemorris
dark-space,4,rickd
dark-summer,5,holliehorror
dark-summer,4,arkhamoutlaw10
dark-summer,3,theblogosfear
dark-summer,4,smogo
dark-summer,5,jawclick
dark-summer,5,murdermystery
dark-summer,6,hail_freyr
dark-summer,4,kevincormier
dark-summer,3,kevin_matthews
dark-summer,4,jewbo23
dark-summer,6,domxrm
dark-summer,7,ji_doctor
dark-tales,3,dustin_b
dark-tide-2012,2,dirkh
dark-tide-2012,10,kaliofthedolls
dark-was-the-night-2018,4,matt_thomas10
dark-was-the-night-2018,5,cathalbyron
dark-water-2005,6,ddarko42
dark-water-2005,7,tonyterror
dark-water-2005,5,colintroy
dark-water-2005,7,followtheblind
dark-water-2005,8,samvanhallgren
dark-water-2005,6,yorel1976
dark-water-2005,1,marna
dark-water-2005,7,mundof
dark-water-2005,7,mook
dark-water-2005,7,tentaclatron
dark-water-2005,5,cinemonster
dark-water-2005,2,estebueno
dark-water-2005,4,ashonfilm
dark-water-2005,2,marcissus
dark-water-2005,5,amyja89
dark-water-2005,6,kynky
dark-water-2005,5,champ83
dark-water-2005,5,clowchan
dark-water-2005,8,rstrahs
dark-water-2005,6,toombstoned
dark-water-2005,3,harlequinade
dark-water-2005,4,themediadiorama
dark-water-2005,4,liamviii
dark-water-2005,5,mirishikiari
dark-water-2005,8,reesepd
dark-water-2005,3,keithlaf
dark-water-2005,7,jhillman
dark-water-2005,3,badsmile
dark-water-2005,4,brandonh
dark-water-2005,8,peepinstead
dark-water-2005,6,yckmd_
dark-water-2005,6,frankenlotter
dark-waters-2003,3,danboyle86
dark-wolf,2,hibiscus
darken-2017,4,dustin_b
darker-than-night,8,rickd
darker-than-night,1,asilversnake
darker-than-night,3,olevar
darkness-by-day,2,smogo
darkness-by-day,5,waldo
darkness-by-day,5,stevenmillan
darkness-by-day,2,olevar
darkness-comes,6,ji_doctor
darkness-falls-2020,2,coles84
darkness-falls-2020,4,dustin_b
darkness-falls-2020,2,kevin_matthews
darkness-illuminated-by-silver,8,jaimerebanal
darkness-illuminated-by-silver,10,vadekawa
darkness-on-the-edge-of-town,7,waldo
darkness-on-the-edge-of-town,8,fieldmouse
darkness-rising,3,auteur
darkness-visible,4,matt_thomas10
darkness-visible,6,hail_freyr
darkness-visible,6,dustin_b
darkness-waits-2020,4,pd187
darkness-waits-2020,5,dustin_b
darkness-wakes,5,rstrahs
darkness-wakes,3,stevenmillan
darling-2015-1,3,silentdawn
darling-2015-1,4,colonelmortimer
darling-2015-1,4,juggernaut323
darling-2015-1,5,settingsun
darling-2015-1,7,nevermore1985
darling-2015-1,6,mr_dulac
darling-2015-1,3,cinemaclown
darling-2015-1,5,allisoncm
darling-2015-1,5,avadavis
darling-2015-1,1,jacobknight
darling-2015-1,5,tonyterror
darling-2015-1,7,theblogosfear
darling-2015-1,7,ucrazyutaraptor
darling-2015-1,5,thatsantiagoguy
darling-2015-1,5,shanderson88
darling-2015-1,6,cevangelista413
darling-2015-1,6,oh_dae_su
darling-2015-1,4,justindecloux
darling-2015-1,7,tectactoe
darling-2015-1,9,cwbradley
darling-2015-1,4,tuoto
darling-2015-1,8,waldo
darling-2015-1,4,jameshealey
darling-2015-1,3,eclectic_em
darling-2015-1,6,hail_freyr
darling-2015-1,2,kiko
darling-2015-1,4,hooded_justice
darling-2015-1,4,liamviii
darling-2015-1,6,nopersonality
darling-2015-1,7,kurdt
darling-2015-1,4,morgendorffer
darling-2015-1,6,brakywaki
darling-2015-1,2,rickd
darling-2015-1,3,darrenfx
darling-2015-1,7,riotglasses
darling-2015-1,5,brandonh
darling-2015-1,4,senswinthecup
darling-2015-1,7,domxrm
darling-2015-1,6,ji_doctor
darling-2015-1,6,cinefeelya
darling-2015-1,8,cosmobrown
darling-2015-1,4,nowhere1997
darling-2015-1,2,ihavebadtaste
das-mirakel,7,lencho_o_t_apes
dasepo-naughty-girls,6,buttnugget
date-my-porn-star,5,ultimateparker
date-night-2018,5,mikestuhlman
dateline-saigon,7,ruth
daters-handbook,7,voicelikehoney
dating-game-killer,4,frankenlotter
daughter-of-the-wolf,4,colonelmortimer
daughter-of-the-wolf,3,cogerson
daughter-of-the-wolf,5,balanders
daughter-of-the-wolf,4,taz
daughter-of-the-wolf,5,filmfreek25
daughter-of-the-wolf,6,alexroy656
daughter-of-the-wolf,5,dustin_b
daughter-of-the-wolf,4,onno
daughter-of-the-wolf,3,marktinta73
daughter-of-the-wolf,4,invincibleasia
daughter-of-the-wolf,3,fakerobhunter
daughters-of-the-sexual-revolution-the-untold-story-of-the-dallas-cowboys-cheerleaders,6,jlalibs
daughters-of-the-sexual-revolution-the-untold-story-of-the-dallas-cowboys-cheerleaders,6,kenru
dauntless-the-battle-of-midway,6,cogerson
dave-allen-at-peace,5,man_out_of_time
dave-attell-road-work,5,superpulse
dave-attell-road-work,5,monocle
dave-chappelle-the-age-of-spin,8,ingridgoeswest
dave-chappelle-the-age-of-spin,6,silentdawn
dave-chappelle-the-age-of-spin,8,mr_dulac
dave-chappelle-the-age-of-spin,8,todd_gaines
dave-chappelle-the-age-of-spin,3,davidfinchher
dave-chappelle-the-age-of-spin,8,lastcooldude
dave-chappelle-the-age-of-spin,8,ddarko42
dave-chappelle-the-age-of-spin,8,oliviawildehawt
dave-chappelle-the-age-of-spin,9,drivefiction19
dave-chappelle-the-age-of-spin,6,willhunting
dave-chappelle-the-age-of-spin,8,catelyn
dave-chappelle-the-age-of-spin,6,karenhan
dave-chappelle-the-age-of-spin,7,feedingbrett
dave-chappelle-the-age-of-spin,5,peterstanley
dave-chappelle-the-age-of-spin,8,briantt
dave-chappelle-the-age-of-spin,10,brendanmichaels
dave-chappelle-the-age-of-spin,7,ucrazyutaraptor
dave-chappelle-the-age-of-spin,7,adashelby
dave-chappelle-the-age-of-spin,9,grooveman
dave-chappelle-the-age-of-spin,9,thatsantiagoguy
dave-chappelle-the-age-of-spin,6,scumbalina
dave-chappelle-the-age-of-spin,6,rudimh
dave-chappelle-the-age-of-spin,7,shanderson88
dave-chappelle-the-age-of-spin,7,leschroeck
dave-chappelle-the-age-of-spin,7,kano
dave-chappelle-the-age-of-spin,8,letmeexplain
dave-chappelle-the-age-of-spin,7,coffeevirus
dave-chappelle-the-age-of-spin,8,yorel1976
dave-chappelle-the-age-of-spin,2,finnpoe
dave-chappelle-the-age-of-spin,10,waldo
dave-chappelle-the-age-of-spin,7,eclectic_em
dave-chappelle-the-age-of-spin,8,ianjonas
dave-chappelle-the-age-of-spin,8,realdaveimboden
dave-chappelle-the-age-of-spin,7,rotch
dave-chappelle-the-age-of-spin,8,eric_peartree
dave-chappelle-the-age-of-spin,8,theccritic
dave-chappelle-the-age-of-spin,8,nuno09
dave-chappelle-the-age-of-spin,8,tarantinole
dave-chappelle-the-age-of-spin,8,ozten
dave-chappelle-the-age-of-spin,7,clowchan
dave-chappelle-the-age-of-spin,10,alderwar
dave-chappelle-the-age-of-spin,2,colinfirths
dave-chappelle-the-age-of-spin,7,etienneone
dave-chappelle-the-age-of-spin,9,filmfreek25
dave-chappelle-the-age-of-spin,6,beniciodeltoro
dave-chappelle-the-age-of-spin,8,scrumblebunny
dave-chappelle-the-age-of-spin,3,grabmymask
dave-chappelle-the-age-of-spin,8,mikestuhlman
dave-chappelle-the-age-of-spin,8,keithlaf
dave-chappelle-the-age-of-spin,4,riotglasses
dave-chappelle-the-age-of-spin,9,lordbaelish643
dave-chappelle-the-age-of-spin,6,badsmile
dave-chappelle-the-age-of-spin,8,michellenia
dave-chappelle-the-age-of-spin,8,bilboballin
dave-chappelle-the-age-of-spin,5,calum_marsh
dave-chappelle-the-age-of-spin,8,senswinthecup
dave-chappelle-the-age-of-spin,8,cjprobst83
dave-chappelle-the-age-of-spin,2,ji_doctor
dave-chappelle-the-age-of-spin,7,filmtasticmrcox
dave-chappelle-the-age-of-spin,8,ihavebadtaste
dave-chappelle-the-kennedy-center-mark-twain-prize,10,kaliofthedolls
dave-chappelle-the-kennedy-center-mark-twain-prize,7,tarantinole
dave-chappelle-the-kennedy-center-mark-twain-prize,8,scrumblebunny
dave-chappelle-the-kennedy-center-mark-twain-prize,5,realhenryb
dave-chappelle-the-kennedy-center-mark-twain-prize,9,bilboballin
dave-chappelle-the-kennedy-center-mark-twain-prize,8,shutupmikeginn
dave-chappelles-block-party,9,jakepcole
dave-chappelles-block-party,10,silentjoe13
dave-chappelles-block-party,8,kano
dave-chappelles-block-party,5,ptabro
dave-chappelles-block-party,8,jbouie
dave-chappelles-block-party,8,mikeyb98
dave-chappelles-block-party,8,reesepd
dave-chappelles-block-party,8,mikestuhlman
dave-chappelles-block-party,9,patrickripoll
dave-chappelles-block-party,8,the_narrator
dave-chappelles-block-party,8,jay_c
dave-chappelles-block-party,7,louferrigno
dave-chappelles-block-party,10,bilboballin
dave-chappelles-block-party,6,jennaipcar
dave-chappelles-block-party,6,cjprobst83
dave-chappelles-block-party,5,rti03
dave-chappelles-block-party,8,thefincherking
dave-made-a-maze,6,andredenervaux
dave-made-a-maze,5,hammerbros94
dave-made-a-maze,2,arkhamoutlaw10
dave-made-a-maze,9,bluevelvets
dave-made-a-maze,9,johntyler
dave-made-a-maze,5,austinburke
dave-made-a-maze,6,jack
dave-made-a-maze,7,amandaayoung
dave-made-a-maze,5,briantt
dave-made-a-maze,8,ultimateparker
dave-made-a-maze,8,haybatman
dave-made-a-maze,7,londono
dave-made-a-maze,7,leschroeck
dave-made-a-maze,2,smogo
dave-made-a-maze,7,colinandrews
dave-made-a-maze,8,phantasmes
dave-made-a-maze,7,coffeevirus
dave-made-a-maze,8,cwbradley
dave-made-a-maze,6,thejoelynch
dave-made-a-maze,5,mortom
dave-made-a-maze,7,cogerson
dave-made-a-maze,9,jason_alley
dave-made-a-maze,8,advokate
dave-made-a-maze,7,tenzinsia
dave-made-a-maze,8,andrerseits
dave-made-a-maze,7,hail_freyr
dave-made-a-maze,7,dirtgrub
dave-made-a-maze,8,cduffy
dave-made-a-maze,7,kynky
dave-made-a-maze,7,champ83
dave-made-a-maze,1,marooncrimson
dave-made-a-maze,1,waltz3
dave-made-a-maze,7,mirishikiari
dave-made-a-maze,6,hotdonkeybear
dave-made-a-maze,6,monocle
dave-made-a-maze,3,thisisalexei
dave-made-a-maze,7,jsancheznavarro
dave-made-a-maze,4,j_overstreet
dave-made-a-maze,5,jmfilms123
dave-made-a-maze,8,steph_h
dave-made-a-maze,7,kevin_matthews
dave-made-a-maze,7,pstalbot
dave-made-a-maze,6,bilboballin
dave-made-a-maze,6,jewbo23
dave-made-a-maze,4,badeboom
dave-made-a-maze,7,onno
dave-made-a-maze,8,zaragwen
dave-matthews-band-the-central-park-concert,6,rstrahs
david-attenborough-a-life-on-our-planet,5,davidehrlich
david-attenborough-a-life-on-our-planet,7,kaylafavia
david-attenborough-a-life-on-our-planet,6,bluevelvets
david-attenborough-a-life-on-our-planet,7,jack
david-attenborough-a-life-on-our-planet,10,lucyskeet
david-attenborough-a-life-on-our-planet,6,ucrazyutaraptor
david-attenborough-a-life-on-our-planet,7,chloeac
david-attenborough-a-life-on-our-planet,10,matt_thomas10
david-attenborough-a-life-on-our-planet,5,seanfennessey
david-attenborough-a-life-on-our-planet,10,ianjonas
david-attenborough-a-life-on-our-planet,8,v9733xa
david-attenborough-a-life-on-our-planet,7,fantasticmrjeff
david-attenborough-a-life-on-our-planet,8,tarantinole
david-attenborough-a-life-on-our-planet,5,romankirby
david-attenborough-a-life-on-our-planet,7,musicbymilo
david-attenborough-a-life-on-our-planet,9,spiderpig
david-attenborough-a-life-on-our-planet,7,cathalbyron
david-attenborough-a-life-on-our-planet,9,firstshowing
david-attenborough-a-life-on-our-planet,7,alan1
david-attenborough-a-life-on-our-planet,8,maxthemoviegirl
david-attenborough-a-life-on-our-planet,8,steele98
david-attenborough-meets-president-obama,8,spiderpig
david-attenboroughs-tasmania,8,spiderpig
david-beckham-into-the-unknown,4,crackfox45
david-blaine-beyond-magic,8,kaylafavia
david-blaine-beyond-magic,5,willhollis
david-blaine-beyond-magic,6,kingofgondor
david-blaine-beyond-magic,6,krodgers101
david-blaine-beyond-magic,6,ashonfilm
david-blaine-beyond-magic,6,spiderpig
david-blaine-beyond-magic,6,amateurdoubles
david-blaine-beyond-magic,5,calum_marsh
david-blaine-beyond-magic,7,zaragwen
david-blaine-real-or-magic,8,kaylafavia
david-blaine-real-or-magic,6,ddarko42
david-blaine-real-or-magic,6,bethanywilson
david-blaine-real-or-magic,5,willhollis
david-blaine-real-or-magic,8,jennyslate
david-blaine-real-or-magic,6,connorcarey
david-blaine-real-or-magic,1,bethanellen
david-blaine-real-or-magic,6,axelhagne
david-blaine-real-or-magic,6,krodgers101
david-blaine-real-or-magic,7,ashonfilm
david-blaine-real-or-magic,7,spiderpig
david-blaine-real-or-magic,8,michellenia
david-blaine-real-or-magic,8,ghostsmut
david-blaine-real-or-magic,7,calum_marsh
david-blaine-real-or-magic,10,senswinthecup
david-blaine-real-or-magic,4,cjprobst83
david-bowie-is-dead,8,andredenervaux
david-bowie-is-dead,10,drivefiction19
david-bowie-is-dead,8,man_out_of_time
david-bowie-the-rise-and-fall-of-ziggy-stardust-and-the-spiders-from-mars,5,yazzjames
david-bowie-the-story-of-ziggy-stardust,7,gdw
david-brent-life-on-the-road,4,superpulse
david-brent-life-on-the-road,7,darrencb
david-brent-life-on-the-road,6,mr_dulac
david-brent-life-on-the-road,6,andredenervaux
david-brent-life-on-the-road,6,lastcooldude
david-brent-life-on-the-road,5,johntyler
david-brent-life-on-the-road,6,drivefiction19
david-brent-life-on-the-road,6,willhollis
david-brent-life-on-the-road,1,jacksonmaines
david-brent-life-on-the-road,4,worsethan
david-brent-life-on-the-road,7,smogo
david-brent-life-on-the-road,5,phantasmes
david-brent-life-on-the-road,3,perksofbeingnat
david-brent-life-on-the-road,6,moviemaestro
david-brent-life-on-the-road,7,hibiscus
david-brent-life-on-the-road,6,rodstar
david-brent-life-on-the-road,3,will_sloan
david-brent-life-on-the-road,7,tripeazy96
david-brent-life-on-the-road,6,mook
david-brent-life-on-the-road,6,crackfox45
david-brent-life-on-the-road,6,kiko
david-brent-life-on-the-road,5,krodgers101
david-brent-life-on-the-road,8,coles84
david-brent-life-on-the-road,6,tarantinole
david-brent-life-on-the-road,7,kynky
david-brent-life-on-the-road,6,ajblack
david-brent-life-on-the-road,4,romankirby
david-brent-life-on-the-road,8,markmooney
david-brent-life-on-the-road,4,liamviii
david-brent-life-on-the-road,6,lohmi
david-brent-life-on-the-road,6,scrumblebunny
david-brent-life-on-the-road,6,fookthis
david-brent-life-on-the-road,6,kurdt
david-brent-life-on-the-road,6,thisisalexei
david-brent-life-on-the-road,4,cathalbyron
david-brent-life-on-the-road,8,jay_c
david-brent-life-on-the-road,7,tburnham
david-brent-life-on-the-road,4,evilbjork
david-brent-life-on-the-road,4,gabbwoo
david-brent-life-on-the-road,6,senswinthecup
david-brent-life-on-the-road,5,cjprobst83
david-brent-life-on-the-road,8,ji_doctor
david-brent-life-on-the-road,7,cosmobrown
david-brent-life-on-the-road,7,frankenlotter
david-brent-life-on-the-road,6,steele98
david-brent-life-on-the-road,4,marktinta73
david-brent-life-on-the-road,6,thefincherking
david-brent-life-on-the-road,6,zaragwen
david-brent-life-on-the-road,5,fakerobhunter
david-byrne-ride-rise-roar,10,advokate
david-byrne-ride-rise-roar,8,jay_c
david-byrne-ride-rise-roar,6,jennaipcar
david-byrnes-american-utopia,9,davidehrlich
david-byrnes-american-utopia,9,superpulse
david-byrnes-american-utopia,8,ianamurray
david-byrnes-american-utopia,8,juggernaut323
david-byrnes-american-utopia,7,gemko
david-byrnes-american-utopia,8,davidlsims
david-byrnes-american-utopia,8,bratpitt
david-byrnes-american-utopia,6,filipe_furtado
david-byrnes-american-utopia,10,sopheyquinn
david-byrnes-american-utopia,10,kaylafavia
david-byrnes-american-utopia,10,arkhamoutlaw10
david-byrnes-american-utopia,9,jakepcole
david-byrnes-american-utopia,10,lastcooldude
david-byrnes-american-utopia,10,johntyler
david-byrnes-american-utopia,10,truman
david-byrnes-american-utopia,10,yazzjames
david-byrnes-american-utopia,8,jack
david-byrnes-american-utopia,8,larsenonfilm
david-byrnes-american-utopia,10,josiahmorgan11
david-byrnes-american-utopia,10,jaimerebanal
david-byrnes-american-utopia,10,karenhan
david-byrnes-american-utopia,7,peterstanley
david-byrnes-american-utopia,10,briantt
david-byrnes-american-utopia,8,juliendonkeyboi
david-byrnes-american-utopia,9,michaelhaneke
david-byrnes-american-utopia,10,brendanmichaels
david-byrnes-american-utopia,10,nomadland
david-byrnes-american-utopia,9,vontrapp
david-byrnes-american-utopia,10,murielcampos
david-byrnes-american-utopia,10,dirkbogarde
david-byrnes-american-utopia,8,lebrown
david-byrnes-american-utopia,10,haybatman
david-byrnes-american-utopia,9,artpig
david-byrnes-american-utopia,8,scotttobias
david-byrnes-american-utopia,8,filmspotting
david-byrnes-american-utopia,8,davechen
david-byrnes-american-utopia,9,samvanhallgren
david-byrnes-american-utopia,7,kevinyang
david-byrnes-american-utopia,9,ellakemp
david-byrnes-american-utopia,9,jlalibs
david-byrnes-american-utopia,9,hollieamanda
david-byrnes-american-utopia,9,ahbr
david-byrnes-american-utopia,10,hauteprincesses
david-byrnes-american-utopia,7,brianformo
david-byrnes-american-utopia,8,benmcdonald
david-byrnes-american-utopia,9,connorcarey
david-byrnes-american-utopia,8,cherprayers
david-byrnes-american-utopia,10,faithlessphil
david-byrnes-american-utopia,10,jason_alley
david-byrnes-american-utopia,8,seanfennessey
david-byrnes-american-utopia,10,ianjonas
david-byrnes-american-utopia,10,milo123
david-byrnes-american-utopia,9,nickyd
david-byrnes-american-utopia,9,jakeperalta
david-byrnes-american-utopia,9,cineflek
david-byrnes-american-utopia,10,rotch
david-byrnes-american-utopia,9,suspiriorvm
david-byrnes-american-utopia,10,eric_peartree
david-byrnes-american-utopia,9,krodgers101
david-byrnes-american-utopia,10,hooded_justice
david-byrnes-american-utopia,9,ladieswholunch
david-byrnes-american-utopia,8,armsofeternity
david-byrnes-american-utopia,10,cduffy
david-byrnes-american-utopia,9,qjtbailey
david-byrnes-american-utopia,10,rowenet
david-byrnes-american-utopia,10,jupinwhm
david-byrnes-american-utopia,8,mikeyb98
david-byrnes-american-utopia,8,realhenryb
david-byrnes-american-utopia,9,collin_clark
david-byrnes-american-utopia,10,jmfilms123
david-byrnes-american-utopia,9,riley_danson
david-byrnes-american-utopia,9,immortan_scott
david-byrnes-american-utopia,7,gc11
david-byrnes-american-utopia,10,maxthemoviegirl
david-byrnes-american-utopia,8,cinephile24
david-byrnes-american-utopia,8,pstalbot
david-byrnes-american-utopia,8,vernonator6497
david-byrnes-american-utopia,5,crduffy97
david-byrnes-american-utopia,9,scottrenshaw
david-byrnes-american-utopia,9,gubarenko
david-byrnes-american-utopia,8,babydriverreal
david-byrnes-american-utopia,10,nowhere1997
david-byrnes-american-utopia,10,moviemaxwell
david-byrnes-american-utopia,9,dijonwyn
david-crosby-remember-my-name,7,allisoncm
david-crosby-remember-my-name,6,briantt
david-crosby-remember-my-name,7,scumbalina
david-crosby-remember-my-name,7,hibiscus
david-crosby-remember-my-name,7,jason_alley
david-crosby-remember-my-name,8,jakeperalta
david-crosby-remember-my-name,7,jupinwhm
david-crosby-remember-my-name,7,scottrenshaw
david-crosby-remember-my-name,8,filmusicinemike
david-crosby-remember-my-name,9,kenru
david-foster-off-the-record,8,moviemaestro
david-foster-off-the-record,6,cinemonster
david-gilmour-live-at-pompeii,8,olevar
david-lynch-cooks-quinoa,9,elihayes
david-lynch-cooks-quinoa,10,allisoncm
david-lynch-cooks-quinoa,7,haydenwelch
david-lynch-cooks-quinoa,10,ridleysthot
david-lynch-cooks-quinoa,9,bennash
david-lynch-cooks-quinoa,10,eric_peartree
david-lynch-cooks-quinoa,2,marooncrimson
david-lynch-cooks-quinoa,8,reesepd
david-lynch-cooks-quinoa,8,musicbymilo
david-lynch-cooks-quinoa,8,mardsego
david-lynch-cooks-quinoa,9,jacdeswilliams
david-lynch-cooks-quinoa,8,louferrigno
david-lynch-cooks-quinoa,6,evilbjork
david-lynch-cooks-quinoa,8,steele98
david-lynch-the-art-life,8,silentdawn
david-lynch-the-art-life,7,holliehorror
david-lynch-the-art-life,8,suspirliam
david-lynch-the-art-life,9,nycsubwayrat
david-lynch-the-art-life,10,bluevelvets
david-lynch-the-art-life,8,lastcooldude
david-lynch-the-art-life,8,drivefiction19
david-lynch-the-art-life,7,jack
david-lynch-the-art-life,8,reygf
david-lynch-the-art-life,8,jaimerebanal
david-lynch-the-art-life,7,feedingbrett
david-lynch-the-art-life,7,lucyskeet
david-lynch-the-art-life,7,peterstanley
david-lynch-the-art-life,7,scumbalina
david-lynch-the-art-life,6,schlockvalue
david-lynch-the-art-life,7,cevangelista413
david-lynch-the-art-life,6,kano
david-lynch-the-art-life,9,hollieamanda
david-lynch-the-art-life,8,flaska11
david-lynch-the-art-life,6,tectactoe
david-lynch-the-art-life,7,madihatesfilm
david-lynch-the-art-life,7,coffeevirus
david-lynch-the-art-life,5,cwbradley
david-lynch-the-art-life,8,benmcdonald
david-lynch-the-art-life,7,haydenwelch
david-lynch-the-art-life,8,mortom
david-lynch-the-art-life,8,rodstar
david-lynch-the-art-life,8,vadekawa
david-lynch-the-art-life,6,jameshealey
david-lynch-the-art-life,8,justwannaboogie
david-lynch-the-art-life,9,bethanellen
david-lynch-the-art-life,7,ridleysthot
david-lynch-the-art-life,10,kaliofthedolls
david-lynch-the-art-life,7,sprizzle
david-lynch-the-art-life,7,enteredthevoid
david-lynch-the-art-life,8,axelhagne
david-lynch-the-art-life,8,eric_peartree
david-lynch-the-art-life,6,kiko
david-lynch-the-art-life,8,hooded_justice
david-lynch-the-art-life,8,nuno09
david-lynch-the-art-life,7,coles84
david-lynch-the-art-life,8,cduffy
david-lynch-the-art-life,6,chicofireman
david-lynch-the-art-life,7,edoardocan
david-lynch-the-art-life,10,codypphoto
david-lynch-the-art-life,8,gainsbourg
david-lynch-the-art-life,8,ultamatefanboy1
david-lynch-the-art-life,8,romankirby
david-lynch-the-art-life,7,realhenryb
david-lynch-the-art-life,5,patrickripoll
david-lynch-the-art-life,8,hotdonkeybear
david-lynch-the-art-life,8,collin_clark
david-lynch-the-art-life,7,jsancheznavarro
david-lynch-the-art-life,10,brakywaki
david-lynch-the-art-life,8,jay_c
david-lynch-the-art-life,5,lgarcia
david-lynch-the-art-life,8,badsmile
david-lynch-the-art-life,9,immortan_scott
david-lynch-the-art-life,3,calum_marsh
david-lynch-the-art-life,8,domxrm
david-lynch-the-art-life,8,wampeter57
david-lynch-the-art-life,8,nowhere1997
david-lynch-the-art-life,5,rti03
david-lynch-the-art-life,5,jackdoran
david-lynch-the-art-life,7,ziggystorstrand
david-wants-to-fly,7,allisoncm
david-wants-to-fly,7,jay_c
david-wants-to-fly,7,badsmile
dawg-fight,6,yorel1976
dawg-fight,7,enteredthevoid
dawg-fight,4,rickd
dawn-2014,7,andredenervaux
dawn-2014,5,theblogosfear
dawn-2014,8,silentjoe13
dawn-2014,9,thatsantiagoguy
dawn-2014,8,filmgraphy
dawn-2014,7,cevangelista413
dawn-2014,4,blackphillips
dawn-2014,6,madihatesfilm
dawn-2014,4,jawclick
dawn-2014,5,sofiaboutellas
dawn-2014,5,murdermystery
dawn-2014,7,isajjar
dawn-2014,4,remote
dawn-2014,6,monocle
dawn-2014,8,morgendorffer
dawn-2014,7,ginnyweasley
dawn-2014,3,scottrenshaw
dawn-of-the-dragonslayer,5,campbart
dawn-of-the-dragonslayer,4,pd187
dawn-of-the-felines,3,colonelmortimer
dawn-of-the-felines,4,yijian
dawn-of-the-felines,5,invincibleasia
dawn-of-the-felines,5,fakerobhunter
dawnland,7,v9733xa
dawson-city-frozen-time,6,davidehrlich
dawson-city-frozen-time,8,colonelmortimer
dawson-city-frozen-time,7,russman
dawson-city-frozen-time,8,neilbahadur
dawson-city-frozen-time,8,jack
dawson-city-frozen-time,8,theendofcinema
dawson-city-frozen-time,7,larsenonfilm
dawson-city-frozen-time,7,briantt
dawson-city-frozen-time,7,cevangelista413
dawson-city-frozen-time,10,kano
dawson-city-frozen-time,9,phantasmes
dawson-city-frozen-time,10,auteur
dawson-city-frozen-time,5,cwbradley
dawson-city-frozen-time,8,gdw
dawson-city-frozen-time,9,cvall96
dawson-city-frozen-time,9,justwannaboogie
dawson-city-frozen-time,9,jason_alley
dawson-city-frozen-time,8,mundof
dawson-city-frozen-time,9,v9733xa
dawson-city-frozen-time,6,timbrayton
dawson-city-frozen-time,8,daveyjenkins
dawson-city-frozen-time,6,ricomcpato
dawson-city-frozen-time,7,codypphoto
dawson-city-frozen-time,8,krautsalat
dawson-city-frozen-time,8,filmslikedreams
dawson-city-frozen-time,6,mikestuhlman
dawson-city-frozen-time,9,bobhoveyga
dawson-city-frozen-time,4,benmatthewempey
dawson-city-frozen-time,4,jhillman
dawson-city-frozen-time,7,jacdeswilliams
dawson-city-frozen-time,4,lgarcia
dawson-city-frozen-time,8,cuqui
dawson-city-frozen-time,9,kevin_matthews
dawson-city-frozen-time,6,steele98
dawson-city-frozen-time,8,baronronan
dawson-city-frozen-time,8,wampeter57
dawson-city-frozen-time,10,frymanjayce
dawson-city-frozen-time,10,filmtasticmrcox
dawson-city-frozen-time,7,insessionfilm
dawson-city-frozen-time,6,ziggystorstrand
dawson-city-frozen-time,10,kenru
day-13,5,dustin_b
day-dreams,6,fuchsiadyke
day-dreams,6,michaelhaneke
day-dreams,7,varghese_no1
day-dreams,6,gdw
day-dreams,7,mortom
day-dreams,6,trolleyfreak
day-dreams,8,dancedancedance
day-dreams,9,tripeazy96
day-dreams,6,diogoserafim
day-dreams,5,clowchan
day-dreams,9,owene73
day-dreams,7,gainsbourg
day-dreams,7,krautsalat
day-dreams,7,lohmi
day-dreams,8,hotdonkeybear
day-dreams,10,senswinthecup
day-dreams,4,danboyle86
day-of-the-dead-2-contagium,2,ultimateparker
day-of-the-dead-2-contagium,4,rstrahs
day-of-the-dead-2-contagium,1,brakywaki
day-of-the-dead-2008,4,tonyterror
day-of-the-dead-2008,3,worsethan
day-of-the-dead-2008,2,mook
day-of-the-dead-2008,2,axelhagne
day-of-the-dead-2008,1,taoa
day-of-the-dead-2008,4,shawn_stubbs
day-of-the-dead-2008,2,riley_danson
day-of-the-dead-2008,4,fluffymoon
day-of-the-dead-2008,3,senswinthecup
day-of-the-dead-2008,5,cosmobrown
day-of-the-dead-2008,5,charliemorris
day-one-2015,7,mr_dulac
day-one-2015,6,hammerbros94
day-one-2015,6,lise
day-one-2015,6,lesaladino
day-one-2015,3,anhonestmess
day-one-2015,6,tarantinole
day-one-2015,3,filmslikedreams
day-one-2015,6,bobhoveyga
day-one-2015,8,shawn_stubbs
day-one-2015,4,michellenia
day-one-2015,8,kenru
day-trip,7,londono
day-trip,6,hotsake
day-trip,8,peepinstead
day-trip,7,mrjago
day-trip,5,frymanjayce
daybreak-2008,4,theresebelivets
daylight-savings,7,maxthemoviegirl
daylight-savings,8,mrjago
daymoon,7,mrjago
days-and-nights,6,kenru
days-of-the-bagnold-summer,7,settingsun
days-of-the-bagnold-summer,7,mariamicia13
days-of-the-bagnold-summer,8,man_out_of_time
days-of-the-bagnold-summer,7,ellakemp
days-of-the-bagnold-summer,8,perksofbeingnat
days-of-the-bagnold-summer,7,crackfox45
days-of-the-bagnold-summer,7,mirishikiari
days-of-the-bagnold-summer,7,jewbo23
days-of-the-bagnold-summer,7,willpoulter
debs,7,elihayes
debs,8,juggernaut323
debs,6,fuchsiadyke
debs,6,childrenofmen
debs,6,bratpitt
debs,7,sopheyquinn
debs,6,sharktale
debs,10,arkhamoutlaw10
debs,5,alovelynite
debs,10,bluevelvets
debs,2,elcochran90
debs,8,reygf
debs,10,sapphical
debs,6,jaimerebanal
debs,6,willas
debs,9,hewasthrfriendd
debs,9,michaelhaneke
debs,4,adashelby
debs,9,dirkbogarde
debs,5,filmgraphy
debs,8,thehandmaiden
debs,4,dselwyns
debs,7,sonnywortzik
debs,7,jimmyvon789
debs,6,gonegirls
debs,8,hauteprincesses
debs,5,madihatesfilm
debs,6,brianformo
debs,6,ashmatxx
debs,7,mortom
debs,9,jawclick
debs,6,jason_alley
debs,5,taz
debs,10,sofiaboutellas
debs,6,anhonestmess
debs,4,realdaveimboden
debs,7,rachel_remeny
debs,8,naewatches
debs,6,annakendrick
debs,5,ozten
debs,8,colinfirths
debs,1,elnapalmo
debs,10,caleb_yells
debs,7,mikestuhlman
debs,8,theresebelivets
debs,8,dirtoddhaynes
debs,7,fliptrotsky
debs,10,axxstin
debs,5,morgendorffer
debs,8,rococowinked
debs,9,amateurdoubles
debs,4,riotglasses
debs,6,riley_danson
debs,7,ginnyweasley
debs,8,julietburke
debs,6,fluffymoon
debs,8,tobe_whooper
debs,6,cinefeelya
debs,5,bittercherry
debs,7,willpoulter
debs,8,nowhere1997
der-letzte-mann-das-making-of,7,ladyspiggott
dl-hughley-contrarian,7,filmfreek25
dl-hughley-contrarian,6,monocle
dolapo-is-fine,9,maxthemoviegirl
double-play,5,briantt
double-tide,8,elihayes
double-tide,10,waltz3
doubt,8,deathproof
doubt,8,ingridgoeswest
doubt,5,dirkh
doubt,8,ianamurray
doubt,9,childrenofmen
doubt,8,iaiaiand
doubt,7,kun
doubt,8,cantinaband
doubt,8,bratpitt
doubt,8,sopheyquinn
doubt,10,kaylafavia
doubt,8,hammerbros94
doubt,6,punchdrunklizzy
doubt,6,arkhamoutlaw10
doubt,10,johntyler
doubt,7,avadavis
doubt,7,franhoepfner
doubt,7,elcochran90
doubt,9,phrynefisher
doubt,9,kylestanstv
doubt,6,catelyn
doubt,8,justmiaslife
doubt,7,niceguys
doubt,8,lucyskeet
doubt,7,mariamicia13
doubt,9,adashelby
doubt,8,cinebro
doubt,7,jacksonmaines
doubt,8,jurassicstark
doubt,6,artpig
doubt,6,dselwyns
doubt,8,milez
doubt,9,sonnywortzik
doubt,8,followtheblind
doubt,6,worsethan
doubt,6,samvanhallgren
doubt,8,ryangosling
doubt,9,kevinyang
doubt,9,cathyk
doubt,8,kano
doubt,10,caityperrie
doubt,7,kernetcetera
doubt,7,maudettehornsby
doubt,7,hauteprincesses
doubt,7,madihatesfilm
doubt,6,coffeevirus
doubt,9,perksofbeingnat
doubt,9,sammeltzer
doubt,6,kingofgondor
doubt,9,connorcarey
doubt,10,nickmcc2
doubt,8,aaronh
doubt,7,cherprayers
doubt,7,farriercollins
doubt,9,rodstar
doubt,8,thelastsith
doubt,7,hstrawberry
doubt,9,balanders
doubt,9,lesaladino
doubt,10,gwenlikesfilm
doubt,7,deckk
doubt,7,moviefan999
doubt,8,jc13
doubt,8,nickyd
doubt,9,robertdavid
doubt,10,cineflek
doubt,9,faretheewell
doubt,8,nathanrabin
doubt,8,sprizzle
doubt,3,voicelikehoney
doubt,8,jeremy_crabb
doubt,7,nickdenbow
doubt,8,zyopy
doubt,8,cduffy
doubt,8,mcp_daskino
doubt,7,ashonfilm
doubt,8,amyja89
doubt,7,edoardocan
doubt,7,dragonknight
doubt,7,gainsbourg
doubt,8,harlequinade
doubt,7,salinui
doubt,9,doinkdedoink
doubt,8,voidember
doubt,10,caleb_yells
doubt,7,aleph_null
doubt,6,chriscarr1
doubt,8,musicbymilo
doubt,9,keithlaf
doubt,8,the_narrator
doubt,9,creasy007
doubt,7,itsnacool
doubt,7,benmatthewempey
doubt,8,j_overstreet
doubt,9,jmfilms123
doubt,7,lordbaelish643
doubt,9,buttnugget
doubt,7,alan1
doubt,7,steph_h
doubt,8,tburnham
doubt,9,badsmile
doubt,8,michellenia
doubt,4,ghostsmut
doubt,9,asilversnake
doubt,8,pstalbot
doubt,6,markella
doubt,7,lifeasfiction
doubt,9,ezracubero
doubt,7,xarnis
doubt,8,domxrm
doubt,9,clairacurtis
doubt,6,filmusicinemike
doubt,9,gilliananderson
doubt,7,steele98
doubt,6,baronronan
doubt,7,babydriverreal
doubt,6,shutupmikeginn
doubt,9,nowhere1997
doubt,9,filmtasticmrcox
doubt,7,rti03
doubt,6,entlauber
doubt,7,ziggystorstrand
doubt,8,zaragwen
doug-benson-doug-dynasty,4,oliviawildehawt
doug-benson-doug-dynasty,5,kevincormier
doug-stanhope-beer-hall-putsch,5,oliviawildehawt
doug-stanhope-beer-hall-putsch,7,kynky
doug-stanhope-beer-hall-putsch,7,bilboballin
doug-stanhope-beer-hall-putsch,8,jewbo23
doug-stanhope-beer-hall-putsch,7,ji_doctor
down-in-shadowland,4,allisoncm
down-in-shadowland,5,hooded_justice
down-in-the-valley,5,jack
down-in-the-valley,1,adashelby
down-in-the-valley,3,sonnywortzik
down-in-the-valley,6,followtheblind
down-in-the-valley,6,riotglasses
down-in-the-valley,7,kevincormier
down-in-the-valley,6,immortan_scott
down-in-the-valley,6,thesherminator
down-in-the-valley,8,dustin_b
down-in-the-valley,6,xebeche
down-the-barrel,1,stevenmillan
down-the-deep-dark-web,7,peepinstead
downhill-2020,2,kurstboy
downhill-2020,3,elihayes
downhill-2020,6,juggernaut323
downhill-2020,4,davidlsims
downhill-2020,6,arkhamoutlaw10
downhill-2020,4,alovelynite
downhill-2020,7,johntyler
downhill-2020,4,jacobknight
downhill-2020,4,kylestanstv
downhill-2020,3,amandaayoung
downhill-2020,5,briantt
downhill-2020,4,juliendonkeyboi
downhill-2020,2,murielcampos
downhill-2020,3,dselwyns
downhill-2020,5,scotttobias
downhill-2020,4,londono
downhill-2020,5,shanderson88
downhill-2020,6,cevangelista413
downhill-2020,6,davechen
downhill-2020,4,kevinyang
downhill-2020,6,jlalibs
downhill-2020,6,flaska11
downhill-2020,2,letmeexplain
downhill-2020,4,austin
